Time (s),Temperature (C),Position (m)
0,23.5,0.158
10,23.5,0.157
20,23.7,0.157
30,25.6,0.157
40,25.4,0.157
50,25.1,0.157
60,24.9,0.157
70,25.3,0.158
80,25.9,0.157
90,25.9,0.154
100,26.2,0.153
110,27.3,0.153
120,27.1,0.151
130,27.2,0.158
140,27.3,0.158
150,27.8,0.158
160,28.4,0.158
170,28.2,0.158
180,28,0.158
190,28.3,0.158
200,28.6,0.158
210,29,0.158
220,28.8,0.154
230,29.1,0.158
240,29,0.158
250,29.6,0.158
260,29.9,0.158
270,30.3,0.158
280,30.8,0.158
290,30.5,0.158
300,30.9,0.158
310,31.1,0.154
320,31.5,0.158
330,31.8,0.158
340,31.9,0.158
350,32.1,0.154
360,32,0.158
370,32.3,0.158
380,32.7,0.158
390,33,0.154
400,32.8,0.158
410,32.9,0.158
420,32.7,0.158
430,32.9,0.158
440,34.2,0.158
450,33.9,0.158
460,34,0.158
470,34.2,0.157
480,34.4,0.158
490,34.7,0.158
500,34.9,0.154
510,35.5,0.158
520,35.7,0.158
530,35.7,0.158
540,36,0.158
550,36.3,0.158
560,36.1,0.158
570,36.8,0.158
580,36.6,0.158
590,36.5,0.158
600,36.6,0.158
610,36.7,0.158
620,37,0.153
630,37.5,0.157
640,37.4,0.154
650,37.9,0.155
660,38.4,0.155
670,38.3,0.154
680,38.4,0.156
690,38.6,0.156
700,38.8,0.153
710,39,0.152
720,39.2,0.157
730,39.5,0.15
740,39.8,0.155
750,40.1,0.155
760,40.2,0.153
770,40.4,0.157
780,40.4,0.15
790,40.4,0.152
800,40.8,0.149
810,41.2,0.152
820,41.5,0.15
830,41.7,0.149
840,41.6,0.152
850,41.8,0.155
860,42.1,0.15
870,42.2,0.149
880,42.3,0.156
890,42.6,0.154
900,42.6,0.155
910,43,0.155
920,43.1,0.148
930,43.1,0.157
940,43.7,0.152
950,43.8,0.156
960,43.8,0.155
970,43.9,0.156
980,44.2,0.156
990,44.5,0.156
1000,44.6,0.156
1010,44.6,0.155
1020,44.5,0.155
1030,45,0.156
1040,44.8,0.156
1050,45.3,0.156
1060,45.5,0.153
1070,45.5,0.155
1080,45.3,0.156
1090,45.6,0.153
1100,45.7,0.156
1110,46,0.155
1120,46.1,0.156
1130,46.2,0.15
1140,46.7,0.156
1150,46.8,0.149
1160,47,0.151
1170,47.1,0.15
1180,47.1,0.151
1190,47.4,0.156
1200,47.3,0.156
1210,47.7,0.149
1220,47.5,0.15
1230,48.1,0.15
1240,47.9,0.153
1250,47.8,0.151
1260,47.9,0.151
1270,47.9,0.15
1280,48.3,0.157
1290,48.6,0.156
1300,48.7,0.157
1310,48.7,0.157
1320,48.8,0.157
1330,48.7,0.157
1340,49,0.157
1350,49.3,0.153
1360,49.4,0.153
1370,49.6,0.152
1380,49.7,0.156
1390,50.1,0.152
1400,50.2,0.15
1410,50.5,0.15
1420,50.6,0.156
1430,51,0.15
1440,50.7,0.151
1450,50.9,0.15
1460,50.8,0.156
1470,50.8,0.151
1480,50.7,0.157
1490,51,0.152
1500,51.2,0.153
1510,51.5,0.157
1520,52,0.151
1530,52.1,0.151
1540,51.7,0.151
1550,52.3,0.156
1560,52.2,0.156
1570,52.7,0.157
1580,52.6,0.15
1590,52.7,0.157
1600,52.4,0.153
1610,52.4,0.156
1620,52.7,0.15
1630,52.6,0.152
1640,52.7,0.157
1650,52.6,0.156
1660,52.8,0.153
1670,53.3,0.156
1680,53.4,0.152
1690,53.2,0.157
1700,53.3,0.153
1710,53.6,0.157
1720,53.5,0.157
1730,53.6,0.151
1740,53.9,0.151
1750,54,0.15
1760,54.2,0.155
1770,54.3,0.152
1780,54.3,0.156
1790,54.5,0.156
1800,54.6,0.157
1810,54.8,0.151
1820,54.7,0.152
1830,55,0.152
1840,54.9,0.155
1850,55.3,0.149
1860,55.3,0.154
1870,55.3,0.154
1880,55.3,0.155
1890,55.4,0.151
1900,55.4,0.155
1910,55.6,0.151
1920,55.6,0.149
1930,55.7,0.148
1940,56,0.149
1950,55.9,0.149
1960,56.1,0.148
1970,56.3,0.148
1980,56.6,0.148
1990,56.4,0.154
2000,56.4,0.149
2010,56.6,0.15
2020,56.7,0.152
2030,56.9,0.149
2040,56.9,0.154
2050,57.1,0.149
2060,57.1,0.149
2070,57.2,0.149
2080,57.3,0.148
2090,57.4,0.15
2100,57.5,0.148
2110,57.6,0.154
2120,57.6,0.153
2130,57.8,0.149
2140,57.9,0.15
2150,57.9,0.152
2160,57.9,0.155
2170,58,0.15
2180,58.1,0.153
2190,58.1,0.15
2200,58.3,0.151
2210,58.6,0.152
2220,58.6,0.151
2230,67.7,0.156
2240,67.8,0.149
2250,67.8,0.153
2260,67.8,0.154
2270,67.7,0.151
2280,67.8,0.149
2290,67.8,0.153
2300,67.8,0.149
2310,67.8,0.157
2320,67.9,0.156
2330,67.9,0.152
2340,67.9,0.15
2350,67.9,0.157
2360,67.9,0.156
2370,67.8,0.153
2380,67.8,0.155
2390,67.9,0.151
2400,67.8,0.156
2410,67.9,0.157
2420,67.9,0.149
2430,67.9,0.15
2440,68.1,0.152
2450,68,0.153
2460,68.1,0.153
2470,68,0.152
2480,68.2,0.149
2490,68.1,0.154
2500,68.1,0.157
2510,68.2,0.158
2520,68.2,0.157
2530,68.2,0.153
2540,68.2,0.158
2550,68.2,0.154
2560,68.2,0.151
2570,68.2,0.152
2580,68.1,0.159
2590,68.1,0.155
2600,68.1,0.153
2610,68.1,0.153
2620,68.1,0.155
2630,68.1,0.154
2640,68.1,0.159
2650,68.1,0.158
2660,68.2,0.159
2670,68.2,0.155
2680,68.3,0.158
2690,68.2,0.154
2700,68.3,0.154
2710,68.3,0.155
2720,68.4,0.152
2730,68.4,0.153
2740,68.3,0.159
2750,68.3,0.159
2760,68.3,0.155
2770,68.3,0.154
2780,68.3,0.153
2790,68.3,0.15
2800,68.2,0.153
2810,68.2,0.154
2820,68.3,0.153
2830,68.2,0.16
2840,68.2,0.152
2850,68.2,0.155
2860,68.4,0.157
2870,68.2,0.159
2880,68.3,0.16
2890,68.3,0.155
2900,68.2,0.154
2910,68.4,0.153
2920,68.3,0.156
2930,68.3,0.159
2940,68.3,0.159
2950,68.3,0.164
2960,68.4,0.155
2970,68.4,0.156
2980,68.4,0.159
2990,68.4,0.158
3000,68.4,0.153
3010,68.3,0.152
3020,68.3,0.152
3030,68.3,0.158
3040,68.2,0.152
3050,68.2,0.151
3060,68.4,0.159
3070,68.3,0.154
3080,68.4,0.152
3090,68.4,0.154
3100,68.4,0.157
3110,68.4,0.157
3120,68.4,0.152
3130,68.5,0.151
3140,68.5,0.157
3150,68.5,0.155
3160,68.5,0.157
3170,68.5,0.148
3180,68.5,0.152
3190,68.6,0.154
3200,68.6,0.153
3210,68.5,0.154
3220,68.6,0.152
3230,68.7,0.154
3240,68.6,0.157
3250,68.5,0.151
3260,68.5,0.151
3270,68.6,0.153
3280,68.6,0.149
3290,68.6,0.151
3300,68.7,0.157
3310,68.6,0.155
3320,68.7,0.152
3330,68.8,0.156
3340,68.9,0.151
3350,68.9,0.158
3360,68.8,0.154
3370,68.9,0.157
3380,68.9,0.154
3390,69,0.153
3400,69,0.154
3410,69,0.155
3420,69,0.153
3430,68.9,0.153
3440,69,0.151
3450,69,0.158
3460,68.9,0.159
3470,68.9,0.159
3480,68.9,0.151
3490,68.9,0.199
3500,68.9,0.154
3510,68.9,0.151
3520,68.9,0.157
3530,69,0.159
3540,69,0.152
3550,69,0.155
3560,69.1,0.149
3570,69.1,0.154
3580,69.1,0.154
3590,69.1,0.158
3600,69.1,0.153
3610,69.2,0.154
3620,69.1,0.155
3630,69.2,0.157
3640,69.2,0.154
3650,69.1,0.154
3660,69.1,0.153
3670,69.1,0.154
3680,69.1,0.153
3690,69.1,0.16
3700,69.1,0.156
3710,69,0.159
3720,69,0.156
3730,69,0.151
3740,69,0.155
3750,69,0.154
3760,69.1,0.159
3770,69.1,0.153
3780,69.1,0.158
3790,69.1,0.155
3800,69.1,0.153
3810,69.1,0.153
3820,69.1,0.156
3830,69.2,0.153
3840,69.2,0.159
3850,69.1,0.154
3860,69.2,0.159
3870,69.2,0.155
3880,69.1,0.157
3890,69.1,0.153
3900,69.1,0.157
3910,69,0.157
3920,69,0.157
3930,69,0.155
3940,69,0.157
3950,69.1,0.153
3960,69,0.161
3970,69,0.156
3980,69,0.154
3990,69.1,0.155
4000,69.1,0.159
4010,69.1,0.156
4020,69.2,0.155
4030,69.2,0.152
4040,69.1,0.161
4050,69.2,0.16
4060,69.1,0.16
4070,69.1,0.155
4080,69.2,0.16
4090,69.1,0.154
4100,69,0.154
4110,69.1,0.155
4120,69.1,0.162
4130,69,0.156
4140,69,0.159
4150,69,0.158
4160,69,0.16
4170,69,0.156
4180,69,0.155
4190,69,0.156
4200,69,0.159
4210,69.1,0.156
4220,69.1,0.158
4230,69,0.155
4240,69,0.156
4250,69.1,0.155
4260,69.2,0.153
4270,69.2,0.157
4280,69.2,0.154
4290,69.2,0.153
4300,69.2,0.16
4310,69.2,0.155
4320,69.1,0.156
4330,69,0.156
4340,69.1,0.156
4350,69.2,0.154
4360,69.1,0.158
4370,69,0.154
4380,69,0.155
4390,69.1,0.153
4400,69.1,0.158
4410,69.1,0.152
4420,69.3,0.154
4430,69.4,0.155
4440,69.3,0.152
4450,69.4,0.152
4460,69.4,0.154
4470,69.3,0.154
4480,69.5,0.153
4490,69.4,0.157
4500,69.4,0.152
4510,69.5,0.155
4520,67.8,0.149
4530,67.8,0.156
4540,67.7,0.152
4550,67.4,0.152
4560,67.5,0.149
4570,67.6,0.154
4580,67.7,0.152
4590,67.8,0.148
4600,68.1,0.155
4610,68,0.152
4620,68.2,0.148
4630,68.4,0.151
4640,68.5,0.149
4650,68.6,0.151
4660,68.7,0.155
4670,69,0.151
4680,69.1,0.155
4690,69.2,0.147
4700,69.2,0.148
4710,69.3,0.152
4720,69.4,0.149
4730,69.5,0.151
4740,69.5,0.151
4750,69.6,0.151
4760,69.8,0.156
4770,69.8,0.152
4780,69.7,0.156
4790,69.8,0.153
4800,69.9,0.149
4810,70.1,0.15
4820,70.1,0.155
4830,70.1,0.156
4840,70.2,0.157
4850,70.3,0.149
4860,70.4,0.151
4870,70.5,0.157
4880,70.5,0.152
4890,70.7,0.153
4900,70.7,0.154
4910,70.7,0.15
4920,70.9,0.151
4930,70.9,0.152
4940,70.9,0.153
4950,71,0.153
4960,71.2,0.153
4970,71.1,0.151
4980,71.1,0.15
4990,71.3,0.15
5000,71.3,0.153
5010,71.2,0.152
5020,71.4,0.151
5030,71.4,0.156
5040,71.4,0.152
5050,71.6,0.152
5060,71.5,0.151
5070,71.7,0.153
5080,71.8,0.151
5090,71.8,0.152
5100,71.8,0.152
5110,71.9,0.157
5120,72,0.154
5130,72,0.152
5140,72.1,0.152
5150,72,0.158
5160,72.1,0.151
5170,72.1,0.159
5180,72.2,0.158
5190,72.2,0.155
5200,72.3,0.152
5210,72.4,0.154
5220,72.3,0.151
5230,72.5,0.152
5240,72.5,0.157
5250,72.5,0.151
5260,72.6,0.151
5270,72.8,0.157
5280,72.8,0.153
5290,72.8,0.151
5300,72.9,0.159
5310,72.9,0.153
5320,72.9,0.154
5330,73,0.15
5340,73,0.148
5350,73,0.151
5360,73,0.154
5370,73,0.153
5380,73,0.149
5390,73.2,0.15
5400,73.1,0.156
5410,73.3,0.151
5420,73.4,0.157
5430,73.4,0.147
5440,73.5,0.151
5450,73.6,0.156
5460,73.7,0.152
5470,73.6,0.155
5480,73.7,0.156
5490,73.8,0.151
5500,73.8,0.153
5510,73.8,0.15
5520,73.9,0.157
5530,73.9,0.149
5540,73.9,0.152
5550,74,0.152
5560,74,0.157
5570,74.1,0.147
5580,74.1,0.148
5590,74.2,0.15
5600,74.1,0.155
5610,74.4,0.151
5620,74.4,0.149
5630,74.4,0.151
5640,74.6,0.151
5650,74.6,0.152
5660,74.6,0.15
5670,74.9,0.152
5680,74.9,0.148
5690,74.8,0.154
5700,74.9,0.15
5710,74.9,0.15
5720,74.9,0.155
5730,74.9,0.154
5740,74.9,0.149
5750,74.9,0.152
5760,75,0.151
5770,75,0.157
5780,75,0.154
5790,75,0.152
5800,75.1,0.153
5810,75.2,0.156
5820,75.4,0.15
5830,75.3,0.152
5840,75.3,0.152
5850,75.4,0.154
5860,75.6,0.152
5870,75.5,0.151
5880,75.6,0.152
5890,75.5,0.153
5900,75.6,0.15
5910,75.6,0.15
5920,75.6,0.153
5930,75.6,0.153
5940,75.6,0.158
5950,75.6,0.149
5960,75.7,0.157
5970,75.6,0.153
5980,75.6,0.153
5990,75.7,0.148
6000,75.7,0.154
6010,75.8,0.154
6020,75.8,0.159
6030,76,0.153
6040,75.9,0.153
6050,76,0.157
6060,76,0.154
6070,76,0.153
6080,75.9,0.158
6090,76.1,0.153
6100,76.1,0.154
6110,75.9,0.152
6120,75.9,0.158
6130,76.1,0.155
6140,75.9,0.153
6150,76,0.158
6160,75.8,0.155
6170,76,0.153
6180,76,0.151
6190,76,0.154
6200,76.1,0.153
6210,76,0.155
6220,76.1,0.154
6230,76.2,0.152
6240,76.2,0.156
6250,76.2,0.152
6260,76.2,0.152
6270,76.2,0.153
6280,76.2,0.155
6290,76.2,0.155
6300,76.3,0.154
6310,76.1,0.159
6320,76.2,0.158
6330,76.1,0.152
6340,76.2,0.156
6350,76.2,0.154
6360,76.1,0.152
6370,76.2,0.156
6380,76.2,0.155
6390,76.2,0.159
6400,76.2,0.154
6410,76.3,0.156
6420,76.4,0.153
6430,76.4,0.154
6440,76.5,0.161
6450,76.4,0.156
6460,76.4,0.16
6470,76.4,0.155
6480,76.3,0.154
6490,76.3,0.154
6500,76.3,0.152
6510,76.4,0.151
6520,76.3,0.153
6530,76.4,0.152
6540,76.4,0.154
6550,76.4,0.153
6560,76.5,0.154
6570,76.4,0.154
6580,76.6,0.153
6590,76.6,0.152
6600,76.6,0.153
6610,76.6,0.151
6620,76.6,0.155
6630,76.6,0.157
6640,76.6,0.158
6650,76.6,0.154
6660,76.7,0.152
6670,76.7,0.15
6680,76.6,0.153
6690,76.6,0.158
6700,76.6,0.158
6710,76.6,0.159
6720,76.6,0.155
6730,76.6,0.151
6740,76.7,0.151
6750,76.7,0.158
6760,76.8,0.158
6770,76.8,0.148
6780,76.9,0.158
6790,76.9,0.154
6800,76.9,0.153
6810,77,0.152
6820,76.9,0.156
6830,77,0.16
6840,77,0.158
6850,77.2,0.151
6860,77.1,0.153
6870,77,0.156
6880,77,0.152
6890,76.9,0.157
6900,77,0.154
6910,77,0.159
6920,77.1,0.152
6930,77.1,0.155
6940,77.2,0.159
6950,77.2,0.154
6960,77.2,0.158
6970,77.2,0.158
6980,77.1,0.158
6990,77.3,0.154
7000,77.3,0.159
7010,77.3,0.151
7020,77.3,0.158
7030,77.3,0.152
7040,77.3,0.147
7050,77.3,0.16
7060,77.3,0.154
7070,77.3,0.155
7080,77.3,0.153
7090,77.3,0.154
7100,77.3,0.153
7110,77.3,0.155
7120,77.3,0.156
7130,77.3,0.157
7140,77.4,0.158
7150,77.4,0.161
7160,77.5,0.152
7170,77.6,0.161
7180,77.5,0.159
7190,77.5,0.154
7200,77.6,0.155
7210,77.6,0.154
7220,77.6,0.161
7230,77.5,0.16
7240,77.6,0.16
7250,77.5,0.156
7260,77.5,0.157
7270,77.5,0.169
7280,77.4,0.161
7290,77.4,0.158
7300,77.5,0.159
7310,77.4,0.156
7320,77.4,0.155
7330,77.4,0.154
7340,77.4,0.156
7350,77.6,0.156
7360,77.6,0.157
7370,77.6,0.157
7380,77.4,0.157
7390,77.6,0.157
7400,77.6,0.162
7410,77.5,0.155
7420,77.3,0.158
7430,77.5,0.157
7440,77.5,0.157
7450,77.4,0.157
7460,77.4,0.161
7470,77.4,0.157
7480,77.4,0.162
7490,77.3,0.157
7500,77.3,0.157
7510,77.3,0.157
7520,77.4,0.157
7530,77.4,0.155
7540,77.5,0.155
7550,77.5,0.157
7560,77.5,0.159
7570,77.5,0.155
7580,77.5,0.159
7590,77.5,0.16
7600,77.5,0.159
7610,77.4,0.158
7620,77.4,0.158
7630,77.4,0.162
7640,77.3,0.158
7650,77.3,0.158
7660,77.3,0.16
7670,77.3,0.159
7680,77.3,0.157
7690,77.4,0.155
7700,77.4,0.158
7710,77.4,0.158
7720,77.4,0.162
7730,77.4,0.161
7740,77.6,0.161
7750,77.5,0.16
7760,77.5,0.155
7770,77.5,0.157
7780,77.6,0.157
7790,77.4,0.155
7800,77.5,0.156
7810,77.4,0.153
7820,77.4,0.158
7830,77.4,0.154
7840,77.3,0.156
7850,77.5,0.158
7860,77.3,0.161
7870,77.4,0.155
7880,77.3,0.159
7890,77.4,0.156
7900,77.4,0.154
7910,77.6,0.157
7920,77.5,0.159
7930,77.8,0.159
7940,77.7,0.159
7950,77.8,0.154
7960,77.6,0.157
7970,77.7,0.155
7980,77.7,0.154
7990,77.7,0.154
8000,77.6,0.16
8010,77.7,0.164
8020,77.6,0.144
8030,77.7,0.156
8040,77.6,0.155
8050,77.6,0.154
8060,77.6,0.158
8070,77.7,0.153
8080,77.7,0.155
8090,77.7,0.161
8100,77.8,0.153
8110,77.8,0.153
8120,77.9,0.154
8130,77.9,0.159
8140,77.9,0.158
8150,78.2,0.154
8160,78.1,0.152
8170,78.1,0.161
8180,78.1,0.157
8190,78,0.159
8200,78.1,0.155
8210,78,0.157
8220,78,0.161
8230,78,0.155
8240,77.9,0.157
8250,78.1,0.156
8260,77.9,0.156
8270,77.9,0.157
8280,78,0.155
8290,78.1,0.156
8300,78.1,0.157
8310,78.1,0.155
8320,78.2,0.158
8330,78.3,0.155
8340,78.3,0.155
8350,78.3,0.156
8360,78.2,0.164
8370,78.2,0.156
8380,78.2,0.154
8390,78.2,0.177
8400,78.2,0.158
8410,78.3,0.156
8420,78.2,0.155
8430,78.1,0.153
8440,78.2,0.157
8450,78.2,0.157
8460,78.2,0.159
8470,78.2,0.163
8480,78.2,0.158
8490,78.2,0.156
8500,78.2,0.156
8510,78.2,0.157
8520,78.3,0.158
8530,78.3,0.164
8540,78.3,0.159
8550,78.3,0.159
8560,78.3,0.156
8570,78.2,0.158
8580,78.2,0.161
8590,78.1,0.159
8600,78,0.158
8610,78.1,0.159
8620,78,0.157
8630,78,0.159
8640,77.9,0.16
8650,78,0.163
8660,78,0.164
8670,78,0.16
8680,78,0.16
8690,78.1,0.159
8700,78.1,0.164
8710,78.1,0.158
8720,78.2,0.165
8730,78,0.165
8740,78.1,0.16
8750,78.1,0.159
8760,78,0.158
8770,77.9,0.159
8780,77.9,0.161
8790,77.9,0.16
8800,77.9,0.159
8810,77.9,0.158
8820,77.8,0.157
8830,77.8,0.16
8840,77.8,0.158
8850,77.9,0.16
8860,77.9,0.16
8870,78,0.161
8880,78,0.164
8890,78,0.159
8900,78,0.162
8910,77.9,0.16
8920,77.9,0.158
8930,77.9,0.158
8940,77.9,0.157
8950,77.9,0.161
8960,77.8,0.159
8970,77.8,0.161
8980,77.8,0.159
8990,77.8,0.162
9000,77.7,0.159
9010,77.9,0.159
9020,77.8,0.158
9030,77.7,0.158
9040,77.8,0.16
9050,77.9,0.156
9060,77.9,0.163
9070,77.9,0.158
9080,78,0.159
9090,77.9,0.162
9100,78,0.163
9110,77.9,0.157
9120,78,0.159
9130,78,0.16
9140,78,0.158
9150,78,0.163
9160,77.8,0.16
9170,77.8,0.163
9180,77.9,0.159
9190,77.9,0.16
9200,77.9,0.16
9210,78,0.16
9220,77.9,0.156
9230,78,0.158
9240,78,0.159
9250,78.2,0.156
9260,78.2,0.155
9270,78.2,0.163
9280,78.1,0.157
9290,78.2,0.163
9300,78.2,0.16
9310,78.2,0.159
9320,78.2,0.156
9330,78.2,0.16
9340,78.2,0.158
9350,78.1,0.158
9360,78.2,0.162
9370,78.1,0.162
9380,78.2,0.163
9390,78.1,0.155
9400,78.1,0.163
9410,78.2,0.162
9420,78.3,0.162
9430,78.2,0.161
9440,78.3,0.159
9450,78.5,0.157
9460,78.5,0.159
9470,78.5,0.159
9480,78.5,0.164
9490,78.5,0.162
9500,78.5,0.158
9510,78.5,0.163
9520,78.5,0.164
9530,78.5,0.153
9540,78.5,0.163
9550,78.4,0.159
9560,78.5,0.161
9570,78.5,0.16
9580,78.5,0.164
9590,78.5,0.156
9600,78.5,0.156
9610,78.5,0.161
9620,78.6,0.16
9630,78.5,0.158
9640,78.6,0.161
9650,78.6,0.165
9660,78.6,0.162
9670,78.8,0.159
9680,78.6,0.162
9690,78.6,0.161
9700,78.6,0.155
9710,78.5,0.159
9720,78.5,0.162
9730,78.5,0.162
9740,78.5,0.159
9750,78.4,0.158
9760,78.5,0.167
9770,78.5,0.166
9780,78.4,0.164
9790,78.5,0.161
9800,78.5,0.16
9810,78.4,0.162
9820,78.5,0.162
9830,78.5,0.167
9840,78.5,0.163
9850,78.5,0.163
9860,78.5,0.16
9870,78.6,0.163
9880,78.5,0.162
9890,78.5,0.159
9900,78.4,0.164
9910,78.4,0.165
9920,78.4,0.162
9930,78.3,0.167
9940,78.2,0.167
9950,78.1,0.162
9960,78.2,0.163
9970,78.2,0.164
9980,78.2,0.163
9990,78.3,0.205
10000,78.3,0.167
10010,78.3,0.169
10020,78.3,0.162
10030,78.4,0.168
10040,78.4,0.162
10050,78.3,0.213
10060,78.3,0.167
10070,78.3,0.16
10080,78.3,0.166
10090,78.2,0.162
10100,78.3,0.163
10110,78.2,0.163
10120,78,0.165
10130,78.1,0.161
10140,78.1,0.165
10150,78.1,0.166
10160,78.1,0.163
10170,78.2,0.161
10180,78.1,0.169
10190,78.2,0.166
10200,78.1,0.164
10210,78.2,0.168
10220,78.2,0.163
10230,78.2,0.162
10240,78.2,0.165
10250,78.2,0.165
10260,78.2,0.164
10270,78.3,0.162
10280,78.1,0.163
10290,78.2,0.162
10300,78.2,0.161
10310,78.2,0.16
10320,78.1,0.165
10330,78.1,0.16
10340,78.1,0.162
10350,78.1,0.161
10360,78.1,0.16
10370,78.2,0.162
10380,78.2,0.162
10390,78.2,0.163
10400,78.3,0.167
10410,78.4,0.164
10420,78.4,0.161
10430,78.4,0.165
10440,78.4,0.16
10450,78.4,0.162
10460,78.2,0.162
10470,78.2,0.166
10480,78.2,0.163
10490,78.2,0.162
10500,78.2,0.159
10510,78.2,0.16
10520,78.3,0.159
10530,78.2,0.162
10540,78.2,0.165
10550,78.4,0.162
10560,78.3,0.165
10570,78.4,0.16
10580,78.3,0.165
10590,78.6,0.164
10600,78.5,0.159
10610,78.5,0.169
10620,78.5,0.166
10630,78.5,0.161
10640,78.5,0.16
10650,78.6,0.163
10660,78.6,0.16
10670,78.5,0.158
10680,78.6,0.165
10690,78.6,0.167
10700,78.6,0.165
10710,78.5,0.162
10720,78.6,0.162
10730,78.7,0.162
10740,78.8,0.162
10750,78.8,0.161
10760,78.8,0.162
10770,78.8,0.16
10780,78.9,0.162
10790,79,0.159
10800,79,0.16
10810,79,0.164
10820,79,0.159
10830,79,0.163
10840,79,0.16
10850,79,0.159
10860,78.9,0.164
10870,79,0.163
10880,78.9,0.166
10890,79,0.163
10900,78.9,0.16
10910,78.9,0.167
10920,78.9,0.164
10930,79,0.166
10940,78.9,0.167
10950,79,0.17
10960,78.9,0.163
10970,79,0.165
10980,79,0.163
10990,79,0.164
11000,79,0.162
11010,78.9,0.165
11020,79,0.164
11030,78.8,0.163
11040,78.9,0.17
11050,78.8,0.165
11060,78.8,0.169
11070,78.7,0.165
11080,78.7,0.167
11090,78.7,0.165
11100,78.6,0.165
11110,78.7,0.164
11120,78.6,0.161
11130,78.7,0.164
11140,78.7,0.162
11150,78.7,0.165
11160,78.7,0.166
11170,78.7,0.163
11180,78.7,0.169
11190,78.7,0.167
11200,78.7,0.163
11210,78.7,0.168
11220,78.7,0.167
11230,78.7,0.17
11240,78.6,0.164
11250,78.5,0.164
11260,78.6,0.164
11270,78.5,0.165
11280,78.5,0.166
11290,78.5,0.165
11300,78.5,0.164
11310,78.5,0.163
11320,78.5,0.167
11330,78.5,0.171
11340,78.5,0.162
11350,78.5,0.165
11360,78.5,0.165
11370,78.5,0.168
11380,78.5,0.169
11390,78.5,0.166
11400,78.5,0.165
11410,78.5,0.167
11420,78.5,0.164
11430,78.4,0.167
11440,78.3,0.166
11450,78.3,0.167
11460,78.3,0.169
11470,78.3,0.163
11480,78.3,0.166
11490,78.3,0.165
11500,78.3,0.164
11510,78.3,0.162
11520,78.4,0.164
11530,78.4,0.166
11540,78.5,0.165
11550,78.5,0.169
11560,78.5,0.165
11570,78.5,0.17
11580,78.5,0.166
11590,78.5,0.165
11600,78.5,0.166
11610,78.6,0.165
11620,78.5,0.172
11630,78.5,0.165
11640,78.5,0.166
11650,78.5,0.168
11660,78.3,0.165
11670,78.4,0.163
11680,78.5,0.166
11690,78.5,0.164
11700,78.5,0.169
11710,78.6,0.162
11720,78.6,0.163
11730,78.6,0.166
11740,78.8,0.169
11750,78.7,0.165
11760,78.7,0.167
11770,78.7,0.169
11780,78.8,0.165
11790,78.8,0.168
11800,78.8,0.163
11810,78.7,0.164
11820,78.8,0.164
11830,78.7,0.165
11840,78.6,0.169
11850,78.6,0.168
11860,78.6,0.165
11870,78.7,0.165
11880,78.7,0.169
11890,78.7,0.168
11900,78.8,0.169
11910,78.8,0.165
11920,78.9,0.165
11930,78.9,0.166
11940,79,0.166
11950,79,0.163
11960,79,0.167
11970,78.9,0.166
11980,79,0.165
11990,78.9,0.165
12000,78.9,0.17
12010,78.8,0.166
12020,78.9,0.166
12030,78.8,0.165
12040,79,0.163
12050,78.8,0.162
12060,78.9,0.163
12070,78.8,0.166
12080,78.9,0.168
12090,79,0.162
12100,79,0.165
12110,79,0.165
12120,79,0.167
12130,79,0.167
12140,79,0.171
12150,79,0.171
12160,79,0.167
12170,79,0.17
12180,79,0.166
12190,79,0.169
12200,78.9,0.171
12210,78.9,0.167
12220,78.9,0.175
12230,78.7,0.167
12240,78.8,0.168
12250,78.7,0.173
12260,78.7,0.164
12270,78.7,0.168
12280,78.8,0.168
12290,78.8,0.168
12300,78.8,0.168
12310,78.8,0.167
12320,78.8,0.166
12330,78.8,0.172
12340,78.8,0.168
12350,78.8,0.168
12360,78.8,0.168
12370,78.8,0.17
12380,78.8,0.167
12390,78.7,0.184
12400,78.6,0.173
12410,78.6,0.152
12420,78.6,0.169
12430,78.5,0.176
12440,78.5,0.169
12450,78.5,0.17
12460,78.5,0.167
12470,78.5,0.168
12480,78.6,0.17
12490,78.6,0.17
12500,78.6,0.167
12510,78.6,0.169
12520,78.7,0.169
12530,78.6,0.168
12540,78.6,0.173
12550,78.6,0.168
12560,78.5,0.168
12570,78.5,0.17
12580,78.5,0.171
12590,78.5,0.172
12600,78.3,0.174
12610,78.4,0.169
12620,78.4,0.17
12630,78.4,0.169
12640,78.3,0.168
12650,78.4,0.169
12660,78.4,0.171
12670,78.4,0.167
12680,78.5,0.169
12690,78.5,0.171
12700,78.5,0.172
12710,78.5,0.171
12720,78.5,0.164
12730,78.6,0.166
12740,78.5,0.17
12750,78.5,0.166
12760,78.4,0.168
12770,78.4,0.168
12780,78.5,0.167
12790,78.4,0.171
12800,78.3,0.168
12810,78.3,0.17
12820,78.4,0.166
12830,78.4,0.166
12840,78.5,0.17
12850,78.5,0.167
12860,78.5,0.165
12870,78.5,0.168
12880,78.7,0.171
12890,78.8,0.173
12900,78.7,0.166
12910,78.7,0.165
12920,78.7,0.168
12930,78.7,0.168
12940,78.8,0.169
12950,78.7,0.168
12960,78.7,0.167
12970,78.7,0.167
12980,78.7,0.166
12990,78.6,0.169
13000,78.6,0.164
13010,78.6,0.169
13020,78.7,0.17
13030,78.8,0.165
13040,78.8,0.17
13050,78.9,0.165
13060,78.9,0.171
13070,78.9,0.166
13080,79,0.171
13090,78.9,0.167
13100,79,0.169
13110,79.1,0.169
13120,79,0.167
13130,79,0.166
13140,79,0.169
13150,78.9,0.166
13160,78.9,0.166
13170,79,0.167
13180,79,0.168
13190,78.9,0.169
13200,78.8,0.169
13210,78.9,0.167
13220,78.9,0.169
13230,78.9,0.173
13240,79,0.169
13250,79.1,0.172
13260,79.1,0.17
13270,79.2,0.173
13280,79.1,0.167
13290,79.2,0.169
13300,79.2,0.168
13310,79.2,0.167
13320,79.3,0.172
13330,79.2,0.175
13340,79.1,0.168
13350,79.1,0.168
13360,79.1,0.17
13370,78.9,0.169
13380,79,0.165
13390,78.9,0.174
13400,78.9,0.17
13410,78.9,0.174
13420,79,0.169
13430,78.9,0.172
13440,79,0.17
13450,79.1,0.177
13460,79.1,0.171
13470,79,0.169
13480,79,0.169
13490,79.1,0.169
13500,79,0.173
13510,79,0.17
13520,79,0.176
13530,79,0.173
13540,78.9,0.171
13550,78.9,0.17
13560,78.9,0.171
13570,78.7,0.172
13580,78.8,0.176
13590,78.7,0.17
13600,78.8,0.172
13610,78.8,0.171
13620,78.8,0.169
13630,78.8,0.175
13640,78.8,0.171
13650,78.7,0.172
13660,78.9,0.171
13670,78.8,0.171
13680,78.8,0.168
13690,78.9,0.175
13700,78.8,0.175
13710,78.7,0.177
13720,78.7,0.17
13730,78.7,0.171
13740,78.6,0.171
13750,78.6,0.172
13760,78.5,0.171
13770,78.5,0.166
13780,78.6,0.172
13790,78.6,0.173
13800,78.6,0.177
13810,78.6,0.176
13820,78.6,0.169
13830,78.6,0.169
13840,78.5,0.172
13850,78.6,0.171
13860,78.6,0.176
13870,78.7,0.173
13880,78.7,0.175
13890,78.6,0.174
13900,78.6,0.175
13910,78.6,0.17
13920,78.5,0.171
13930,78.5,0.17
13940,78.5,0.17
13950,78.4,0.171
13960,78.5,0.173
13970,78.5,0.174
13980,78.5,0.168
13990,78.6,0.175
14000,78.7,0.167
14010,78.7,0.17
14020,78.7,0.173
14030,78.7,0.171
14040,78.7,0.174
14050,78.8,0.167
14060,78.8,0.172
14070,78.9,0.172
14080,78.8,0.175
14090,78.8,0.172
14100,78.7,0.17
14110,78.7,0.172
14120,78.8,0.17
14130,78.6,0.174
14140,78.7,0.171
14150,78.7,0.167
14160,78.7,0.173
14170,78.8,0.168
14180,78.9,0.174
14190,78.9,0.174
14200,79,0.169
14210,79.1,0.171
14220,79,0.175
14230,79.1,0.178
14240,79.2,0.167
14250,79.1,0.17
14260,79.2,0.17
14270,79.2,0.17
14280,79.2,0.173
14290,79,0.17
14300,79.2,0.174
14310,79,0.172
14320,79.1,0.176
14330,78.9,0.172
14340,78.9,0.176
14350,79.1,0.17
14360,79.1,0.171
14370,79.1,0.175
14380,79.2,0.171
14390,79.2,0.169
14400,79.2,0.169
14410,79.2,0.169
14420,79.4,0.168
14430,79.3,0.174
14440,79.3,0.17
14450,79.4,0.168
14460,79.4,0.171
14470,79.3,0.17
14480,79.2,0.173
14490,79.3,0.177
14500,79.3,0.169
14510,79.2,0.176
14520,79.2,0.175
14530,79.2,0.176
14540,79.2,0.173
14550,79.2,0.172
14560,79.3,0.177
14570,79.2,0.174
14580,79.2,0.173
14590,79.3,0.173
14600,79.3,0.176
14610,79.3,0.173
14620,79.3,0.176
14630,79.3,0.171
14640,79.3,0.173
14650,79.2,0.174
14660,79.2,0.173
14670,79.2,0.174
14680,79.1,0.174
14690,78.9,0.176
14700,79,0.173
14710,79,0.174
14720,78.9,0.175
14730,78.9,0.174
14740,78.9,0.174
14750,78.9,0.172
14760,78.9,0.173
14770,78.9,0.176
14780,79,0.171
14790,79.1,0.178
14800,79.2,0.178
14810,79,0.174
14820,79,0.176
14830,79,0.171
14840,78.9,0.172
14850,78.9,0.18
14860,78.9,0.176
14870,78.9,0.174
14880,78.8,0.173
14890,78.8,0.177
14900,78.7,0.174
14910,78.8,0.175
14920,78.7,0.176
14930,78.7,0.178
14940,78.8,0.178
14950,78.8,0.175
14960,78.8,0.179
14970,78.9,0.175
14980,78.9,0.175
14990,78.8,0.175
15000,78.8,0.176
15010,78.8,0.175
15020,78.8,0.174
15030,78.8,0.176
15040,78.9,0.175
15050,78.8,0.17
15060,78.8,0.175
15070,78.7,0.178
15080,78.7,0.176
15090,78.6,0.175
15100,78.6,0.173
15110,78.5,0.177
15120,78.5,0.174
15130,78.7,0.174
15140,78.6,0.18
15150,78.7,0.174
15160,78.7,0.174
15170,78.7,0.174
15180,78.7,0.174
15190,78.7,0.176
15200,78.7,0.18
15210,78.7,0.171
15220,78.8,0.174
15230,78.6,0.177
15240,78.6,0.175
15250,78.6,0.173
15260,78.5,0.171
15270,78.5,0.176
15280,78.5,0.174
15290,78.6,0.174
15300,78.6,0.174
15310,78.6,0.174
15320,78.6,0.179
15330,78.7,0.176
15340,78.7,0.174
15350,78.9,0.175
15360,78.9,0.179
15370,78.7,0.174
15380,78.8,0.172
15390,78.8,0.175
15400,78.8,0.181
15410,78.8,0.179
15420,78.8,0.175
15430,78.8,0.173
15440,78.7,0.177
15450,78.7,0.175
15460,78.7,0.171
15470,78.7,0.172
15480,78.7,0.171
15490,78.8,0.173
15500,78.9,0.178
15510,78.9,0.173
15520,79,0.172
15530,79.1,0.171
15540,79.2,0.173
15550,79.2,0.171
15560,79.2,0.176
15570,79.3,0.177
15580,79.1,0.174
15590,79.3,0.177
15600,79.3,0.173
15610,79.3,0.174
15620,79.1,0.172
15630,79.2,0.174
15640,79.1,0.175
15650,79.1,0.175
15660,79,0.172
15670,79.1,0.173
15680,79.1,0.174
15690,79.2,0.173
15700,79.3,0.174
15710,79.2,0.174
15720,79.2,0.179
15730,79.3,0.173
15740,79.3,0.178
15750,79.3,0.176
15760,79.4,0.172
15770,79.4,0.173
15780,79.4,0.175
15790,79.4,0.171
15800,79.3,0.175
15810,79.3,0.18
15820,79.3,0.176
15830,79.2,0.18
15840,79.3,0.177
15850,79.2,0.172
15860,79.2,0.174
15870,79.2,0.178
15880,79.2,0.175
15890,79.4,0.173
15900,79.3,0.174
15910,79.3,0.18
15920,79.4,0.177
15930,79.3,0.181
15940,79.4,0.179
15950,79.4,0.177
15960,79.3,0.177
15970,79.3,0.175
15980,79.3,0.176
15990,79.3,0.174
16000,79.3,0.176
16010,79.2,0.173
16020,79.1,0.173
16030,79.1,0.18
16040,79.1,0.177
16050,79.1,0.176
16060,79.1,0.177
16070,79.2,0.179
16080,79.2,0.177
16090,79.3,0.175
16100,79.3,0.178
16110,79.4,0.177
16120,79.3,0.181
16130,79.3,0.174
16140,79.3,0.175
16150,79.4,0.184
16160,79.3,0.178
16170,79.3,0.182
16180,79.2,0.178
16190,79.1,0.174
16200,79.1,0.176
16210,79.1,0.176
16220,79.1,0.175
16230,79.1,0.178
16240,79.1,0.179
16250,79.1,0.177
16260,79.2,0.178
16270,79.2,0.181
16280,79.2,0.175
16290,79.2,0.179
16300,79.2,0.177
16310,79.2,0.177
16320,79.3,0.181
16330,79.3,0.183
16340,79.2,0.178
16350,79.2,0.175
16360,79.1,0.182
16370,79.1,0.176
16380,79.1,0.183
16390,79,0.177
16400,79,0.18
16410,79,0.178
16420,78.9,0.183
16430,78.9,0.178
16440,79,0.176
16450,79,0.176
16460,79.1,0.178
16470,79.1,0.179
16480,79.1,0.176
16490,79.3,0.18
16500,79.2,0.175
16510,79.1,0.174
16520,79.2,0.179
16530,79.1,0.178
16540,79.2,0.178
16550,79.3,0.178
16560,79.1,0.179
16570,78.9,0.174
16580,79.1,0.178
16590,79.1,0.179
16600,79,0.183
16610,79,0.18
16620,79,0.177
16630,79.1,0.177
16640,79.2,0.178
16650,79.2,0.177
16660,79.3,0.176
16670,79.2,0.178
16680,79.3,0.177
16690,79.3,0.182
16700,79.4,0.18
16710,79.4,0.178
16720,79.3,0.178
16730,79.4,0.179
16740,79.3,0.176
16750,79.3,0.184
16760,79.3,0.177
16770,79.3,0.176
16780,79.2,0.182
16790,79.2,0.175
16800,79.2,0.174
16810,79.2,0.177
16820,79.2,0.178
16830,79.3,0.178
16840,79.2,0.181
16850,79.2,0.176
16860,79.4,0.177
16870,79.4,0.176
16880,79.5,0.176
16890,79.5,0.177
16900,79.4,0.174
16910,79.6,0.18
16920,79.4,0.178
16930,79.4,0.177
16940,79.5,0.176
16950,79.4,0.18
16960,79.4,0.177
16970,79.4,0.181
16980,79.4,0.178
16990,79.4,0.177
17000,79.4,0.185
17010,79.4,0.177
17020,79.5,0.178
17030,79.5,0.177
17040,79.5,0.178
17050,79.5,0.18
17060,79.6,0.178
17070,79.7,0.176
17080,79.7,0.175
17090,79.7,0.177
17100,79.8,0.181
17110,79.7,0.178
17120,79.9,0.178
17130,79.6,0.182
17140,79.7,0.178
17150,79.7,0.179
17160,79.6,0.191
17170,79.5,0.18
17180,79.5,0.179
17190,79.5,0.177
17200,79.6,0.175
17210,79.6,0.181
17220,79.7,0.177
17230,79.7,0.176
17240,79.7,0.178
17250,79.7,0.177
17260,79.7,0.178
17270,79.8,0.175
17280,79.8,0.177
17290,79.8,0.181
17300,79.7,0.18
17310,79.7,0.176
17320,79.7,0.178
17330,79.7,0.176
17340,79.6,0.176
17350,79.6,0.179
17360,79.6,0.179
17370,79.4,0.184
17380,79.4,0.179
17390,79.5,0.179
17400,79.4,0.177
17410,79.6,0.185
17420,79.5,0.18
17430,79.6,0.177
17440,79.7,0.18
17450,79.7,0.175
17460,79.7,0.187
17470,79.6,0.189
17480,79.7,0.18
17490,79.6,0.178
17500,79.6,0.178
17510,79.6,0.179
17520,79.6,0.179
17530,79.6,0.184
17540,79.4,0.179
17550,79.5,0.18
17560,79.4,0.179
17570,79.4,0.179
17580,79.5,0.192
17590,79.4,0.182
17600,79.6,0.181
17610,79.5,0.181
17620,79.6,0.178
17630,79.7,0.178
17640,79.6,0.183
17650,79.7,0.182
17660,79.8,0.178
17670,79.6,0.182
17680,79.6,0.18
17690,79.7,0.182
17700,79.6,0.18
17710,79.7,0.181
17720,79.6,0.178
17730,79.6,0.181
17740,79.5,0.182
17750,79.5,0.184
17760,79.5,0.179
17770,79.3,0.178
17780,79.5,0.184
17790,79.6,0.175
17800,79.7,0.18
17810,79.7,0.18
17820,79.6,0.179
17830,79.7,0.182
17840,79.7,0.179
17850,79.8,0.181
17860,79.7,0.18
17870,79.7,0.179
17880,79.9,0.181
17890,79.8,0.184
17900,79.8,0.177
17910,79.7,0.177
17920,79.7,0.182
17930,79.6,0.18
17940,79.6,0.187
17950,79.6,0.181
17960,79.5,0.18
17970,79.5,0.178
17980,79.6,0.18
17990,79.6,0.18
18000,79.6,0.184
18010,79.6,0.189
18020,79.8,0.179
18030,79.7,0.182
18040,79.7,0.183
18050,79.8,0.181
18060,79.7,0.186
18070,79.8,0.18
18080,79.8,0.186
18090,79.8,0.183
18100,79.7,0.184
18110,79.8,0.187
18120,79.7,0.18
18130,79.7,0.185
18140,79.6,0.185
18150,79.5,0.183
18160,79.5,0.186
18170,79.7,0.177
18180,79.8,0.18
18190,79.6,0.179
18200,79.8,0.178
18210,79.8,0.182
18220,79.9,0.18
18230,79.9,0.186
18240,79.9,0.181
18250,80.1,0.181
18260,79.9,0.181
18270,80,0.18
18280,79.9,0.181
18290,80,0.185
18300,79.8,0.18
18310,79.9,0.179
18320,79.9,0.183
18330,79.7,0.185
18340,79.8,0.181
18350,79.8,0.184
18360,79.9,0.181
18370,79.9,0.186
18380,80,0.18
18390,80,0.181
18400,80,0.189
18410,80,0.181
18420,80,0.186
18430,80,0.184
18440,80.1,0.183
18450,80.1,0.182
18460,80.1,0.181
18470,80.1,0.181
18480,80,0.177
18490,79.8,0.18
18500,80,0.179
18510,79.8,0.182
18520,79.6,0.181
18530,79.8,0.187
18540,79.8,0.184
18550,79.7,0.183
18560,79.9,0.179
18570,79.9,0.185
18580,79.8,0.181
18590,79.9,0.18
18600,79.9,0.181
18610,79.9,0.186
18620,79.9,0.183
18630,80,0.19
18640,79.9,0.183
18650,79.7,0.183
18660,79.9,0.179
18670,79.9,0.187
18680,79.7,0.182
18690,79.8,0.179
18700,79.7,0.186
18710,79.8,0.18
18720,79.7,0.186
18730,79.6,0.181
18740,79.7,0.183
18750,79.7,0.183
18760,79.8,0.179
18770,79.8,0.19
18780,79.9,0.185
18790,79.9,0.189
18800,79.9,0.182
18810,79.9,0.18
18820,79.8,0.182
18830,79.9,0.182
18840,80,0.181
18850,79.8,0.182
18860,79.8,0.183
18870,79.8,0.181
18880,79.7,0.186
18890,79.7,0.179
18900,79.7,0.182
18910,79.6,0.182
18920,79.5,0.186
18930,79.6,0.181
18940,79.6,0.185
18950,79.8,0.186
18960,79.8,0.183
18970,79.9,0.185
18980,79.9,0.189
18990,79.9,0.178
19000,79.9,0.182
19010,80,0.182
19020,79.8,0.182
19030,80,0.18
19040,80,0.188
19050,79.9,0.187
19060,79.9,0.18
19070,79.8,0.188
19080,79.8,0.187
19090,79.7,0.185
19100,79.7,0.181
19110,79.6,0.181
19120,79.7,0.183
19130,79.8,0.181
19140,79.7,0.179
19150,79.8,0.19
19160,79.7,0.179
19170,79.8,0.186
19180,79.9,0.186
19190,79.9,0.184
19200,80,0.18
19210,80,0.182
19220,80,0.186
19230,80.1,0.18
19240,80,0.179
19250,80,0.182
19260,79.9,0.182
19270,79.9,0.183
19280,79.9,0.18
19290,79.6,0.18
19300,79.9,0.186
19310,79.9,0.185
19320,79.9,0.177
19330,79.9,0.181
19340,80,0.179
19350,79.9,0.18
19360,80.1,0.184
19370,80.1,0.185
19380,80.1,0.186
19390,80.1,0.186
19400,80.1,0.182
19410,80.1,0.187
19420,80.1,0.18
19430,80,0.181
19440,80.1,0.182
19450,80.1,0.188
19460,80,0.18
19470,79.8,0.181
19480,79.9,0.187
19490,79.9,0.179
19500,79.9,0.183
19510,79.9,0.18
19520,79.9,0.181
19530,79.9,0.185
19540,80,0.183
19550,80.1,0.183
19560,80.1,0.182
19570,80.1,0.178
19580,80.2,0.178
19590,80.2,0.184
19600,80.1,0.186
19610,80.3,0.18
19620,80.2,0.186
19630,80,0.185
19640,80.2,0.181
19650,80.1,0.182
19660,80,0.19
19670,79.9,0.183
19680,80,0.184
19690,80.1,0.181
19700,80,0.185
19710,80.2,0.18
19720,80.2,0.183
19730,80.2,0.179
19740,80.2,0.185
19750,80.4,0.182
19760,80.3,0.184
19770,80.3,0.184
19780,80.4,0.184
19790,80.4,0.19
19800,80.3,0.181
19810,80.3,0.182
19820,80.3,0.182
19830,80.3,0.183
19840,80.2,0.178
19850,80.1,0.181
19860,80.1,0.179
19870,80.1,0.185
19880,80.1,0.18
19890,80.1,0.185
19900,80.2,0.184
19910,80.2,0.183
19920,80.3,0.182
19930,80.3,0.184
19940,80.4,0.184
19950,80.4,0.184
19960,80.1,0.186
19970,80.3,0.185
19980,80.4,0.189
19990,80.3,0.184
20000,80.4,0.184
20010,80.2,0.185
20020,80.3,0.18
20030,80.2,0.184
20040,80.2,0.182
20050,80,0.19
20060,80,0.191
20070,80,0.189
20080,79.9,0.185
20090,80.1,0.184
20100,80.1,0.186
20110,80.1,0.186
20120,80.3,0.184
20130,80.3,0.183
20140,80.3,0.183
20150,80.2,0.195
20160,80.2,0.184
20170,80.3,0.184
20180,80.2,0.184
20190,80.1,0.179
20200,80.1,0.183
20210,80,0.185
20220,80.1,0.184
20230,80.1,0.183
20240,79.9,0.183
20250,79.8,0.187
20260,79.9,0.19
20270,80,0.185
20280,79.9,0.182
20290,80,0.183
20300,80,0.185
20310,80.2,0.18
20320,80.1,0.189
20330,80,0.188
20340,80.1,0.18
20350,80.1,0.186
20360,80.2,0.183
20370,80.2,0.185
20380,80.1,0.183
20390,80.1,0.185
20400,80.2,0.187
20410,80.1,0.187
20420,79.9,0.185
20430,80,0.187
20440,79.9,0.185
20450,79.8,0.185
20460,80,0.185
20470,80,0.181
20480,79.9,0.191
20490,80,0.194
20500,80.2,0.19
20510,80.2,0.185
20520,80.1,0.18
20530,80.1,0.184
20540,80.2,0.187
20550,80.2,0.182
20560,80.2,0.184
20570,80.2,0.185
20580,80.2,0.185
20590,79.9,0.193
20600,80.1,0.178
20610,80,0.189
20620,80,0.184
20630,79.9,0.184
20640,80,0.189
20650,80,0.186
20660,80,0.185
20670,80,0.189
20680,80.2,0.188
20690,80.2,0.186
20700,80.2,0.186
20710,80.2,0.19
20720,80.3,0.191
20730,80.2,0.181
20740,80.2,0.179
20750,80.2,0.186
20760,80.2,0.183
20770,80.2,0.184
20780,80.1,0.184
20790,80.1,0.182
20800,80,0.186
20810,80,0.188
20820,80,0.191
20830,80,0.19
20840,80,0.18
20850,80,0.19
20860,80.1,0.187
20870,80.2,0.189
20880,80.3,0.185
20890,80.3,0.186
20900,80.3,0.184
20910,80.5,0.184
20920,80.3,0.182
20930,80.4,0.188
20940,80.4,0.191
20950,80.3,0.193
20960,80.4,0.188
20970,80.5,0.183
20980,80.5,0.185
20990,80.4,0.184
21000,80.4,0.184
21010,80.4,0.186
21020,80.5,0.184
21030,80.5,0.182
21040,80.2,0.18
21050,80.5,0.186
21060,80.5,0.186
21070,80.6,0.185
21080,80.8,0.185
21090,80.8,0.186
21100,80.9,0.187
21110,80.6,0.182
21120,80.9,0.182
21130,80.7,0.185
21140,80.6,0.186
21150,80.8,0.187
21160,80.7,0.189
21170,80.7,0.19
21180,80.6,0.189
21190,80.5,0.182
21200,80.5,0.185
21210,80.4,0.187
21220,80.4,0.183
21230,80.4,0.183
21240,80.5,0.185
21250,80.4,0.183
21260,80.6,0.188
21270,80.5,0.194
21280,80.4,0.193
21290,80.6,0.187
21300,80.7,0.191
21310,80.5,0.188
21320,80.6,0.2
21330,80.6,0.187
21340,80.4,0.184
21350,80.4,0.188
21360,80.5,0.191
21370,80.3,0.189
21380,80.3,0.189
21390,80.3,0.194
21400,80.2,0.192
21410,80.1,0.181
21420,80.2,0.188
21430,80.1,0.187
21440,80.3,0.19
21450,80.4,0.188
21460,80.2,0.185
21470,80.3,0.188
21480,80.3,0.186
21490,80.4,0.189
21500,80.4,0.191
21510,80.5,0.183
21520,80.3,0.189
21530,80.3,0.189
21540,80.2,0.188
21550,80.2,0.184
21560,80.3,0.191
21570,80.1,0.179
21580,79.9,0.19
21590,80.1,0.185
21600,79.9,0.191
21610,79.8,0.185
21620,80.1,0.186
21630,80.1,0.19
21640,80.1,0.193
21650,80,0.193
21660,80.2,0.19
21670,80.3,0.187
21680,80.3,0.186
21690,80.4,0.19
21700,80.2,0.183
21710,80.3,0.19
21720,80,0.187
21730,80.2,0.186
21740,80.2,0.189
21750,80.1,0.19
21760,80.1,0.186
21770,80.1,0.189
21780,80,0.183
21790,79.9,0.188
21800,80.1,0.187
21810,80.2,0.186
21820,80.1,0.193
21830,80.3,0.191
21840,80.4,0.191
21850,80.3,0.183
21860,80.2,0.185
21870,80.3,0.188
21880,80.5,0.198
21890,80.3,0.189
21900,80.4,0.197
21910,80.4,0.182
21920,80.4,0.189
21930,80.2,0.194
21940,80.2,0.188
21950,80.2,0.189
21960,80.2,0.183
21970,80,0.185
21980,80,0.192
21990,80.1,0.187
22000,80.1,0.193
22010,80,0.193
22020,80.2,0.192
22030,80.3,0.188
22040,80.2,0.185
22050,80.3,0.191
22060,80.6,0.183
22070,80.6,0.184
22080,80.6,0.184
22090,80.6,0.191
22100,80.6,0.189
22110,80.6,0.189
22120,80.6,0.182
22130,80.6,0.194
22140,80.6,0.185
22150,80.3,0.191
22160,80.5,0.191
22170,80.3,0.189
22180,80.4,0.191
22190,80.3,0.203
22200,80.4,0.193
22210,80.5,0.189
22220,80.4,0.19
22230,80.6,0.189
22240,80.7,0.19
22250,80.7,0.188
22260,80.8,0.185
22270,80.9,0.196
22280,80.9,0.195
22290,80.9,0.18
22300,80.8,0.194
22310,80.6,0.189
22320,80.8,0.185
22330,80.8,0.183
22340,80.7,0.19
22350,80.5,0.189
22360,80.6,0.19
22370,80.7,0.192
22380,80.5,0.174
22390,80.3,0.191
22400,80.5,0.193
22410,80.6,0.189
22420,80.7,0.192
22430,80.8,0.183
22440,80.6,0.19
22450,80.8,0.183
22460,80.9,0.191
22470,80.7,0.186
22480,80.7,0.188
22490,80.9,0.188
22500,80.8,0.192
22510,80.5,0.19
22520,80.7,0.187
22530,80.8,0.185
22540,80.5,0.193
22550,80.3,0.196
22560,80.5,0.193
22570,80.4,0.19
22580,80.4,0.189
22590,80.4,0.191
22600,80.5,0.189
22610,80.3,0.188
22620,80.4,0.198
22630,80.6,0.194
22640,80.5,0.195
22650,80.5,0.184
22660,80.8,0.192
22670,80.7,0.185
22680,80.5,0.193
22690,80.5,0.194
22700,80.6,0.184
22710,80.5,0.193
22720,80.3,0.191
22730,80.3,0.185
22740,80.2,0.188
22750,80.2,0.195
22760,80.2,0.195
22770,80.2,0.192
22780,80.3,0.186
22790,80.1,0.192
22800,80.3,0.184
22810,80.3,0.192
22820,80.4,0.19
22830,80.5,0.197
22840,80.6,0.19
22850,80.3,0.193
22860,80.5,0.193
22870,80.6,0.189
22880,80.6,0.2
22890,80.3,0.186
22900,80.3,0.193
22910,80.4,0.193
22920,80.3,0.193
22930,80.1,0.198
22940,80.1,0.19