Date and Time,Time (s),Temperature (C),Position (m),Velocity (m/s),Acceleration (m/s²),Temperature (°C)
05/25/2020 11:05:48 AM,0,30.8,0.23,,,106.5
05/25/2020 11:05:58 AM,10,31.1,0.2,-8.60E-06,,106.4
05/25/2020 11:06:08 AM,20,31.9,0.23,-2.52E-04,5.88E-06,106.3
05/25/2020 11:06:18 AM,30,32.8,0.2,1.09E-04,2.37E-05,106.4
05/25/2020 11:06:28 AM,40,33.3,0.22,3.76E-04,2.15E-05,106.5
05/25/2020 11:06:38 AM,50,34.2,0.22,7.83E-04,-1.07E-05,106.6
05/25/2020 11:06:48 AM,60,34.8,0.23,3.67E-04,-4.93E-05,106.7
05/25/2020 11:06:58 AM,70,35.1,0.23,-5.25E-04,-4.90E-05,106.8
05/25/2020 11:07:08 AM,80,35.3,0.23,0,6.31E-06,106.9
05/25/2020 11:07:18 AM,90,35.6,0.19,-5.19E-04,6.07E-05,106.9
05/25/2020 11:07:28 AM,100,36.4,0.2,7.40E-04,5.51E-05,106.9
05/25/2020 11:07:38 AM,110,37,0.23,0,-7.45E-06,106.9
05/25/2020 11:07:48 AM,120,38.1,0.23,4.07E-04,-5.92E-05,106.9
05/25/2020 11:07:58 AM,130,39,0.22,-6.34E-04,-6.03E-05,106.8
05/25/2020 11:08:08 AM,140,39.3,0.23,0,-2.34E-05,106.7
05/25/2020 11:08:18 AM,150,28.1,0.19,0,1.94E-05,106.7
05/25/2020 11:08:28 AM,160,26.9,0.19,-5.96E-04,3.71E-05,106.6
05/25/2020 11:08:38 AM,170,27.1,0.2,5.16E-05,2.86E-05,106.4
05/25/2020 11:08:48 AM,180,27.2,0.19,6.88E-05,8.89E-06,106.3
05/25/2020 11:08:58 AM,190,27.7,0.2,2.01E-05,-3.25E-06,106.1
05/25/2020 11:09:08 AM,200,27.8,0.2,-3.15E-05,-1.58E-06,105.9
05/25/2020 11:09:18 AM,210,28.3,0.2,-4.30E-05,2.48E-06,105.6
05/25/2020 11:09:28 AM,220,28.7,0.2,3.73E-05,3.54E-06,105.4
05/25/2020 11:09:38 AM,230,29.4,0.2,1.00E-04,-4.78E-07,105.1
05/25/2020 11:09:48 AM,240,29.8,0.2,3.73E-05,-4.63E-06,104.7
05/25/2020 11:09:58 AM,250,30.3,0.2,-7.17E-05,-4.40E-06,104.5
05/25/2020 11:10:08 AM,260,31.2,0.2,-6.88E-05,-1.86E-06,104.3
05/25/2020 11:10:18 AM,270,31.5,0.19,-5.73E-05,-1.91E-07,104.2
05/25/2020 11:10:28 AM,280,31.8,0.2,-8.89E-05,1.34E-06,104.2
05/25/2020 11:10:38 AM,290,32.2,0.19,-6.31E-05,3.11E-06,104.2
05/25/2020 11:10:48 AM,300,33.4,0.19,1.72E-05,4.20E-06,104.4
05/25/2020 11:10:58 AM,310,33.6,0.2,2.29E-05,4.01E-06,104.5
05/25/2020 11:11:08 AM,320,34.3,0.2,7.74E-05,2.34E-06,104.6
05/25/2020 11:11:18 AM,330,35.2,0.19,1.18E-04,-2.63E-06,104.7
05/25/2020 11:11:28 AM,340,35.3,0.2,6.31E-05,-7.93E-06,104.7
05/25/2020 11:11:38 AM,350,36,0.2,-1.20E-04,-5.16E-06,104.7
05/25/2020 11:11:48 AM,360,36.3,0.19,-1.61E-04,3.58E-06,104.7
05/25/2020 11:11:58 AM,370,36.5,0.19,3.15E-05,8.22E-06,104.6
05/25/2020 11:12:08 AM,380,36.9,0.2,1.26E-04,3.39E-06,104.5
05/25/2020 11:12:18 AM,390,37.3,0.2,8.60E-05,-2.34E-06,104.3
05/25/2020 11:12:28 AM,400,37.4,0.2,-1.15E-05,-2.44E-06,104.1
05/25/2020 11:12:38 AM,410,37.7,0.2,2.87E-05,9.56E-07,103.9
05/25/2020 11:12:48 AM,420,38.1,0.19,3.73E-05,2.25E-06,103.7
05/25/2020 11:12:58 AM,430,38.5,0.2,9.46E-05,4.78E-07,103.4
05/25/2020 11:13:08 AM,440,39.1,0.2,5.73E-05,-1.58E-06,103.1
05/25/2020 11:13:18 AM,450,39.1,0.2,3.73E-05,-4.63E-06,102.9
05/25/2020 11:13:28 AM,460,39.5,0.2,0,-7.31E-06,102.8
05/25/2020 11:13:38 AM,470,39.9,0.2,-1.26E-04,-7.21E-06,102.8
05/25/2020 11:13:48 AM,480,40.5,0.2,-2.18E-04,-1.77E-06,102.8
05/25/2020 11:13:58 AM,490,40.8,0.2,-1.78E-04,6.88E-06,102.9
05/25/2020 11:14:08 AM,500,41.2,0.19,-5.45E-05,1.16E-05,103.1
05/25/2020 11:14:18 AM,510,41.7,0.2,1.23E-04,9.94E-06,103.3
05/25/2020 11:14:28 AM,520,42.1,0.19,1.75E-04,2.15E-06,103.4
05/25/2020 11:14:38 AM,530,42.6,0.2,1.89E-04,-8.22E-06,103.5
05/25/2020 11:14:48 AM,540,42.9,0.2,8.60E-06,-1.32E-05,103.6
05/25/2020 11:14:58 AM,550,43.4,0.2,-2.04E-04,-9.65E-06,103.6
05/25/2020 11:15:08 AM,560,43.7,0.19,-2.26E-04,5.26E-07,103.6
05/25/2020 11:15:18 AM,570,44.1,0.19,-1.55E-04,6.59E-06,103.5
05/25/2020 11:15:28 AM,580,44.4,0.19,-8.60E-06,7.12E-06,103.4
05/25/2020 11:15:38 AM,590,44.8,0.19,-2.58E-05,5.45E-06,103.3
05/25/2020 11:15:48 AM,600,45.6,0.19,7.17E-05,4.87E-06,103.2
05/25/2020 11:15:58 AM,610,45.8,0.19,9.17E-05,4.01E-06,103.1
05/25/2020 11:16:08 AM,620,45.7,0.2,1.66E-04,9.56E-07,102.8
05/25/2020 11:16:18 AM,630,46,0.19,1.20E-04,-2.72E-06,102.6
05/25/2020 11:16:28 AM,640,46.2,0.2,1.00E-04,-6.40E-06,102.4
05/25/2020 11:16:38 AM,650,46.3,0.2,-5.73E-06,-6.59E-06,102.2
05/25/2020 11:16:48 AM,660,46.5,0.2,-9.17E-05,-4.73E-06,102.1
05/25/2020 11:16:58 AM,670,47,0.19,-8.31E-05,-1.34E-06,102
05/25/2020 11:17:08 AM,680,47.3,0.2,-1.06E-04,1.34E-06,102.1
05/25/2020 11:17:18 AM,690,47.8,0.19,-7.17E-05,3.82E-06,102.2
05/25/2020 11:17:28 AM,700,48.2,0.19,-2.29E-05,4.49E-06,102.4
05/25/2020 11:17:38 AM,710,48.5,0.19,6.31E-05,1.39E-06,102.6
05/25/2020 11:17:48 AM,720,48.8,0.2,2.87E-05,-2.34E-06,102.7
05/25/2020 11:17:58 AM,730,49.4,0.19,-4.01E-05,-2.77E-06,102.8
05/25/2020 11:18:08 AM,740,49.7,0.19,-6.02E-05,7.17E-07,102.8
05/25/2020 11:18:18 AM,750,49.9,0.19,-1.43E-05,3.06E-06,102.9
05/25/2020 11:18:28 AM,760,50.3,0.19,4.59E-05,2.15E-06,102.9
05/25/2020 11:18:38 AM,770,50.6,0.19,3.73E-05,1.58E-06,102.8
05/25/2020 11:18:48 AM,780,51,0.2,1.72E-05,3.73E-06,102.8
05/25/2020 11:18:58 AM,790,51.1,0.19,1.09E-04,4.78E-06,102.8
05/25/2020 11:19:08 AM,800,51.6,0.2,1.98E-04,-9.08E-07,102.6
05/25/2020 11:19:18 AM,810,51.6,0.2,1.43E-04,-8.22E-06,102.5
05/25/2020 11:19:28 AM,820,51.9,0.2,-7.17E-05,-6.93E-06,102.3
05/25/2020 11:19:38 AM,830,52.2,0.2,-1.15E-04,6.21E-07,102.1
05/25/2020 11:19:48 AM,840,52.4,0.2,4.01E-05,5.16E-06,101.9
05/25/2020 11:19:58 AM,850,52.3,0.2,6.88E-05,8.12E-07,101.7
05/25/2020 11:20:08 AM,860,52.6,0.2,5.45E-05,-4.68E-06,101.6
05/25/2020 11:20:18 AM,870,52.8,0.2,-8.03E-05,-5.35E-06,101.6
05/25/2020 11:20:28 AM,880,53.3,0.2,-9.17E-05,-2.25E-06,101.6
05/25/2020 11:20:38 AM,890,53.5,0.19,-1.06E-04,2.15E-06,101.9
05/25/2020 11:20:48 AM,900,53.8,0.2,-5.45E-05,1.39E-06,102
05/25/2020 11:20:58 AM,910,54.1,0.19,1.15E-05,1.43E-07,102.4
05/25/2020 11:21:08 AM,920,54.7,0.2,-1.26E-04,5.73E-07,102.8
05/25/2020 11:21:18 AM,930,55.1,0.19,-2.58E-05,2.72E-06,103.2
05/25/2020 11:21:28 AM,940,55.5,0.19,1.72E-05,2.01E-06,103.6
05/25/2020 11:21:38 AM,950,55.7,0.2,3.15E-05,-2.20E-06,104
05/25/2020 11:21:48 AM,960,56.2,0.19,-6.31E-05,-1.58E-06,104.3
05/25/2020 11:21:58 AM,970,56.7,0.19,-7.74E-05,1.34E-06,104.6
05/25/2020 11:22:08 AM,980,56.9,0.19,3.15E-05,2.15E-06,104.8
05/25/2020 11:22:18 AM,990,57.3,0.19,1.72E-05,1.72E-06,105
05/25/2020 11:22:28 AM,1000,57.6,0.19,-2.87E-05,4.78E-06,105.2
05/25/2020 11:22:38 AM,1010,58.2,0.19,8.60E-05,8.74E-06,105.2
05/25/2020 11:22:48 AM,1020,58.1,0.19,2.49E-04,4.01E-06,105.2
05/25/2020 11:22:58 AM,1030,58.4,0.2,2.64E-04,-9.51E-06,105.4
05/25/2020 11:23:08 AM,1040,58.5,0.2,3.44E-05,-1.79E-05,105.3
05/25/2020 11:23:18 AM,1050,58.6,0.2,-2.69E-04,-1.13E-05,105.2
05/25/2020 11:23:28 AM,1060,58.8,0.19,-2.92E-04,3.58E-06,105.2
05/25/2020 11:23:38 AM,1070,58.9,0.19,-8.89E-05,1.06E-05,105.1
05/25/2020 11:23:48 AM,1080,59.2,0.19,6.88E-05,5.11E-06,105
05/25/2020 11:23:58 AM,1090,59.3,0.2,5.73E-06,-2.87E-07,104.9
05/25/2020 11:24:08 AM,1100,59.5,0.19,-8.03E-05,1.91E-06,104.8
05/25/2020 11:24:18 AM,1110,59.7,0.19,4.30E-05,3.87E-06,104.8
05/25/2020 11:24:28 AM,1120,60.2,0.19,1.46E-04,-1.77E-06,104.9
05/25/2020 11:24:38 AM,1130,60.5,0.2,1.15E-05,-8.12E-06,105.1
05/25/2020 11:24:48 AM,1140,60.5,0.19,-1.55E-04,-2.91E-06,105.2
05/25/2020 11:24:58 AM,1150,60.6,0.19,-1.43E-04,7.07E-06,105.6
05/25/2020 11:25:08 AM,1160,61,0.19,1.26E-04,9.70E-06,105.8
05/25/2020 11:25:18 AM,1170,61.3,0.19,1.55E-04,3.11E-06,106
05/25/2020 11:25:28 AM,1180,61.7,0.2,1.29E-04,-4.68E-06,106.2
05/25/2020 11:25:38 AM,1190,61.9,0.19,4.01E-05,-5.49E-06,106.4
05/25/2020 11:25:48 AM,1200,62.1,0.2,-4.01E-05,-2.48E-06,106.5
05/25/2020 11:25:58 AM,1210,62.3,0.2,-5.73E-06,1.00E-06,106.6
05/25/2020 11:26:08 AM,1220,62.7,0.2,2.58E-05,-9.08E-07,106.6
05/25/2020 11:26:18 AM,1230,63.1,0.2,3.44E-05,-6.55E-06,106.6
05/25/2020 11:26:28 AM,1240,63.1,0.2,-1.35E-04,-6.12E-06,106.6
05/25/2020 11:26:38 AM,1250,63.1,0.19,-2.38E-04,2.96E-06,106.6
05/25/2020 11:26:48 AM,1260,63.2,0.19,-6.88E-05,1.01E-05,106.5
05/25/2020 11:26:58 AM,1270,63.4,0.19,1.46E-04,6.07E-06,106.4
05/25/2020 11:27:08 AM,1280,63.4,0.2,8.60E-05,-1.58E-06,106.2
05/25/2020 11:27:18 AM,1290,63.5,0.2,-2.87E-05,-1.24E-06,106.1
05/25/2020 11:27:28 AM,1300,63.5,0.19,1.15E-05,4.49E-06,106
05/25/2020 11:27:38 AM,1310,63.7,0.2,1.46E-04,4.97E-06,106
05/25/2020 11:27:48 AM,1320,63.9,0.2,1.81E-04,-1.72E-06,106
05/25/2020 11:27:58 AM,1330,64.2,0.2,1.00E-04,-9.27E-06,106.1
05/25/2020 11:28:08 AM,1340,64.2,0.2,-4.59E-05,-1.25E-05,106.3
05/25/2020 11:28:18 AM,1350,64.5,0.2,-1.83E-04,-7.79E-06,106.5
05/25/2020 11:28:28 AM,1360,65.1,0.19,-2.87E-04,2.77E-06,106.8
05/25/2020 11:28:38 AM,1370,65,0.19,-1.26E-04,1.10E-05,107.1
05/25/2020 11:28:48 AM,1380,65.1,0.19,6.31E-05,9.89E-06,107.2
05/25/2020 11:28:58 AM,1390,65.4,0.2,1.26E-04,1.82E-06,107.4
05/25/2020 11:29:08 AM,1400,65.7,0.19,5.45E-05,-4.25E-06,107.4
05/25/2020 11:29:18 AM,1410,65.9,0.2,-8.60E-06,-4.63E-06,107.6
05/25/2020 11:29:28 AM,1420,66.1,0.19,-5.73E-05,-4.78E-08,107.6
05/25/2020 11:29:38 AM,1430,66.2,0.2,-4.01E-05,2.96E-06,107.6
05/25/2020 11:29:48 AM,1440,66.3,0.19,8.31E-05,1.05E-06,107.6
05/25/2020 11:29:58 AM,1450,66.3,0.2,2.87E-05,-4.49E-06,107.4
05/25/2020 11:30:08 AM,1460,66.7,0.2,-6.31E-05,-4.87E-06,107.4
05/25/2020 11:30:18 AM,1470,66.6,0.19,-1.63E-04,1.15E-06,107.2
05/25/2020 11:30:28 AM,1480,66.5,0.19,-1.72E-05,3.39E-06,107.1
05/25/2020 11:30:38 AM,1490,66.5,0.19,5.16E-05,1.58E-06,106.9
05/25/2020 11:30:48 AM,1500,66.5,0.2,-7.45E-05,2.25E-06,106.8
05/25/2020 11:30:58 AM,1510,66.8,0.19,-1.15E-05,7.45E-06,106.7
05/25/2020 11:31:08 AM,1520,67.1,0.19,1.81E-04,7.50E-06,106.7
05/25/2020 11:31:18 AM,1530,66.9,0.2,2.44E-04,-2.25E-06,106.7
05/25/2020 11:31:28 AM,1540,67,0.2,1.20E-04,-9.36E-06,106.9
05/25/2020 11:31:38 AM,1550,67.7,0.2,-8.60E-05,-8.36E-06,107.1
05/25/2020 11:31:48 AM,1560,68,0.2,-5.16E-05,-3.97E-06,107.4
05/25/2020 11:31:58 AM,1570,68,0.19,-8.60E-05,-2.87E-07,107.6
05/25/2020 11:32:08 AM,1580,68.1,0.2,-1.18E-04,3.20E-06,107.8
05/25/2020 11:32:18 AM,1590,68,0.19,-3.73E-05,7.74E-06,108
05/25/2020 11:32:28 AM,1600,68.4,0.2,9.17E-05,6.31E-06,108.1
05/25/2020 11:32:38 AM,1610,68.6,0.2,1.69E-04,7.17E-07,108.2
05/25/2020 11:32:48 AM,1620,68.6,0.2,5.45E-05,-4.54E-06,108.4
05/25/2020 11:32:58 AM,1630,68.7,0.2,4.30E-05,-6.12E-06,108.4
05/25/2020 11:33:08 AM,1640,68.9,0.2,-5.45E-05,-4.97E-06,108.8
05/25/2020 11:33:18 AM,1650,69.3,0.2,-8.89E-05,-1.24E-06,109.1
05/25/2020 11:33:28 AM,1660,69.6,0.19,-1.12E-04,5.78E-06,109.5
05/25/2020 11:33:38 AM,1670,69.9,0.2,2.58E-05,7.60E-06,109.9
05/25/2020 11:33:48 AM,1680,70.1,0.19,1.78E-04,2.10E-06,110.4
05/25/2020 11:33:58 AM,1690,70.4,0.2,7.74E-05,-6.88E-06,110.9
05/25/2020 11:34:08 AM,1700,70.7,0.2,-3.73E-05,-9.60E-06,111.1
05/25/2020 11:34:18 AM,1710,70.8,0.2,-1.72E-04,-3.63E-06,111.5
05/25/2020 11:34:28 AM,1720,70.9,0.2,-1.49E-04,3.87E-06,111.9
05/25/2020 11:34:38 AM,1730,71.4,0.19,-2.87E-05,6.78E-06,112.1
05/25/2020 11:34:48 AM,1740,71.5,0.19,5.16E-05,2.63E-06,112.4
05/25/2020 11:34:58 AM,1750,71.5,0.2,3.44E-05,-2.58E-06,112.5
05/25/2020 11:35:08 AM,1760,71.6,0.2,-5.45E-05,-1.39E-06,112.6
05/25/2020 11:35:18 AM,1770,71.5,0.19,-7.74E-05,3.58E-06,112.6
05/25/2020 11:35:28 AM,1780,71.7,0.19,8.03E-05,3.68E-06,112.7
05/25/2020 11:35:38 AM,1790,71.7,0.19,1.15E-04,-2.68E-06,112.7
05/25/2020 11:35:48 AM,1800,71.7,0.2,-2.58E-05,-7.36E-06,112.6
05/25/2020 11:35:58 AM,1810,71.7,0.19,-1.32E-04,-3.20E-06,112.6
05/25/2020 11:36:08 AM,1820,71.9,0.19,-1.15E-04,2.20E-06,112.6
05/25/2020 11:36:18 AM,1830,72,0.19,1.15E-05,3.54E-06,112.7
05/25/2020 11:36:28 AM,1840,72.2,0.19,-3.73E-05,2.91E-06,112.9
05/25/2020 11:36:38 AM,1850,72.3,0.19,2.87E-06,2.68E-06,113.1
05/25/2020 11:36:48 AM,1860,72.5,0.19,6.88E-05,3.20E-06,113.4
05/25/2020 11:36:58 AM,1870,72.7,0.2,6.59E-05,6.21E-07,113.7
05/25/2020 11:37:08 AM,1880,73,0.19,9.17E-05,-2.53E-06,114.1
05/25/2020 11:37:18 AM,1890,73.1,0.19,1.72E-05,-4.11E-06,114.3
05/25/2020 11:37:28 AM,1900,73.7,0.2,-3.44E-05,-3.20E-06,114.5
05/25/2020 11:37:38 AM,1910,73.5,0.19,-5.45E-05,2.39E-07,114.8
05/25/2020 11:37:48 AM,1920,73.7,0.19,-2.87E-05,2.15E-06,115
05/25/2020 11:37:58 AM,1930,73.5,0.2,2.58E-05,2.39E-06,115
05/25/2020 11:38:08 AM,1940,73.7,0.19,1.43E-05,2.77E-06,115.2
05/25/2020 11:38:18 AM,1950,74.2,0.19,4.59E-05,2.82E-06,115.2
05/25/2020 11:38:28 AM,1960,74.1,0.2,1.18E-04,1.39E-06,115.2
05/25/2020 11:38:38 AM,1970,74.1,0.2,9.17E-05,-2.58E-06,115.2
05/25/2020 11:38:48 AM,1980,74,0.2,5.16E-05,-5.97E-06,115.2
05/25/2020 11:38:58 AM,1990,74,0.2,-4.30E-05,-6.07E-06,115
05/25/2020 11:39:08 AM,2000,74.4,0.2,-1.06E-04,-2.82E-06,115
05/25/2020 11:39:18 AM,2010,74.3,0.19,-1.15E-04,3.20E-06,115
05/25/2020 11:39:28 AM,2020,74.4,0.2,-4.59E-05,6.12E-06,115
05/25/2020 11:39:38 AM,2030,74.4,0.19,8.89E-05,6.69E-06,115
05/25/2020 11:39:48 AM,2040,74.3,0.2,5.73E-05,3.82E-06,115.2
05/25/2020 11:39:58 AM,2050,74.6,0.2,1.83E-04,-2.10E-06,115.5
05/25/2020 11:40:08 AM,2060,74.5,0.19,8.89E-05,-8.70E-06,115.7
05/25/2020 11:40:18 AM,2070,74.8,0.21,-6.88E-05,-1.15E-05,116.1
05/25/2020 11:40:28 AM,2080,75.3,0.19,-2.12E-04,-2.91E-06,116.1
05/25/2020 11:40:38 AM,2090,75.5,0.19,-2.06E-04,6.69E-06,116.3
05/25/2020 11:40:48 AM,2100,75.4,0.19,5.16E-05,7.74E-06,116.4
05/25/2020 11:40:58 AM,2110,75.9,0.19,6.88E-05,6.21E-07,116.4
05/25/2020 11:41:08 AM,2120,75.6,0.2,-2.29E-05,-5.26E-06,116.6
05/25/2020 11:41:18 AM,2130,75.5,0.19,-9.46E-05,-2.63E-06,116.6
05/25/2020 11:41:28 AM,2140,75.5,0.19,-1.00E-04,2.34E-06,116.6
05/25/2020 11:41:38 AM,2150,75.5,0.19,-1.15E-05,3.30E-06,116.6
05/25/2020 11:41:48 AM,2160,75.5,0.19,3.44E-05,1.34E-06,116.6
05/25/2020 11:41:58 AM,2170,75.4,0.19,-3.15E-05,1.29E-06,116.4
05/25/2020 11:42:08 AM,2180,75.5,0.19,0,5.88E-06,116.4
05/25/2020 11:42:18 AM,2190,75.4,0.19,1.00E-04,6.16E-06,116.3
05/25/2020 11:42:28 AM,2200,75.5,0.2,2.55E-04,-2.39E-06,116.1
05/25/2020 11:42:38 AM,2210,75.5,0.2,8.31E-05,-1.08E-05,116.1
05/25/2020 11:42:48 AM,2220,75.7,0.2,-1.26E-04,-8.60E-06,116.3
05/25/2020 11:42:58 AM,2230,75.9,0.19,-1.66E-04,1.58E-06,116.4
05/25/2020 11:43:08 AM,2240,76,0.2,-1.15E-05,5.21E-06,116.6
05/25/2020 11:43:18 AM,2250,76.4,0.19,6.31E-05,2.05E-06,116.6
05/25/2020 11:43:28 AM,2260,77.1,0.2,-4.30E-05,-1.58E-06,117.1
05/25/2020 11:43:38 AM,2270,77.1,0.19,-1.15E-05,-3.34E-07,117.4
05/25/2020 11:43:48 AM,2280,77.1,0.19,-3.15E-05,1.72E-06,117.3
05/25/2020 11:43:58 AM,2290,77.6,0.2,3.15E-05,1.62E-06,116.6
05/25/2020 11:44:08 AM,2300,77.7,0.19,1.72E-05,3.54E-06,115.9
05/25/2020 11:44:18 AM,2310,78.3,0.2,3.73E-05,5.16E-06,115.7
05/25/2020 11:44:28 AM,2320,78.8,0.19,1.75E-04,2.68E-06,115.9
05/25/2020 11:44:38 AM,2330,78.5,0.2,1.83E-04,-6.12E-06,116.1
05/25/2020 11:44:48 AM,2340,78.7,0.2,3.15E-05,-1.19E-05,116.3
05/25/2020 11:44:58 AM,2350,79.2,0.2,-1.86E-04,-5.88E-06,116.3
05/25/2020 11:45:08 AM,2360,79.8,0.19,-1.69E-04,4.06E-06,113
05/25/2020 11:45:18 AM,2370,79.7,0.19,3.15E-05,5.59E-06,102.7
05/25/2020 11:45:28 AM,2380,80.1,0.2,5.73E-05,-8.60E-07,91.7
05/25/2020 11:45:38 AM,2390,80.6,0.2,-7.74E-05,-5.11E-06,84.1
05/25/2020 11:45:48 AM,2400,80.8,0.19,-1.12E-04,-8.12E-07,78
05/25/2020 11:45:58 AM,2410,81.3,0.19,-1.06E-04,6.35E-06,72.9
05/25/2020 11:46:08 AM,2420,81.9,0.19,3.73E-05,8.89E-06,68.1
05/25/2020 11:46:18 AM,2430,82.1,0.19,1.55E-04,3.06E-06,63.6
05/25/2020 11:46:28 AM,2440,82.3,0.2,1.61E-04,-8.22E-06,59.1
05/25/2020 11:46:38 AM,2450,82.6,0.2,-4.59E-05,-1.15E-05,55.2
05/25/2020 11:46:48 AM,2460,82.5,0.2,-2.55E-04,-2.91E-06,52
05/25/2020 11:46:58 AM,2470,82.7,0.19,-1.20E-04,9.22E-06,49.5
05/25/2020 11:47:08 AM,2480,82.8,0.19,6.02E-05,1.38E-05,47.2
05/25/2020 11:47:18 AM,2490,83.1,0.19,1.92E-04,7.60E-06,45
05/25/2020 11:47:28 AM,2500,83.4,0.19,2.58E-04,-2.58E-06,43
05/25/2020 11:47:38 AM,2510,83.2,0.2,1.38E-04,-1.08E-05,41.2
05/25/2020 11:47:48 AM,2520,83.3,0.2,-4.01E-05,-1.01E-05,39.6
05/25/2020 11:47:58 AM,2530,83.7,0.19,-1.61E-04,-1.91E-06,38.1
05/25/2020 11:48:08 AM,2540,84.1,0.2,-5.16E-05,2.68E-06,36.8
05/25/2020 11:48:18 AM,2550,84,0.2,3.44E-05,1.77E-06,35
05/25/2020 11:48:28 AM,2560,84.5,0.2,-7.45E-05,-1.29E-06,33.8
05/25/2020 11:48:38 AM,2570,84.8,0.19,-3.15E-05,-1.91E-07,32.9
05/25/2020 11:48:48 AM,2580,84.8,0.19,-6.31E-05,2.72E-06,32
05/25/2020 11:48:58 AM,2590,85.5,0.2,1.15E-05,3.20E-06,31.3
05/25/2020 11:49:08 AM,2600,85.7,0.19,4.59E-05,1.62E-06,30.7
05/25/2020 11:49:18 AM,2610,85.8,0.2,5.16E-05,-3.87E-06,30.1
05/25/2020 11:49:28 AM,2620,86.6,0.2,-5.73E-06,-6.02E-06,29.6
05/25/2020 11:49:38 AM,2630,86.7,0.19,-1.69E-04,-2.01E-06,29.1
05/25/2020 11:49:48 AM,2640,87,0.19,-9.46E-05,4.25E-06,28.6
05/25/2020 11:49:58 AM,2650,87.4,0.19,2.01E-05,5.30E-06,28.1
05/25/2020 11:50:08 AM,2660,87.5,0.19,6.02E-05,-1.15E-06,27.6
05/25/2020 11:50:18 AM,2670,88.5,0.19,-5.73E-06,-4.49E-06,27.2
05/25/2020 11:50:28 AM,2680,89,0.19,-1.38E-04,-6.69E-07,26.8
05/25/2020 11:50:38 AM,2690,89.1,0.19,-5.16E-05,5.06E-06,26.4
05/25/2020 11:50:48 AM,2700,89.9,0.19,6.59E-05,5.02E-06,26.1
05/25/2020 11:50:58 AM,2710,90.4,0.2,9.46E-05,-1.00E-06,25.9
05/25/2020 11:51:08 AM,2720,90.8,0.19,1.72E-05,-3.54E-06,25.7
05/25/2020 11:51:18 AM,2730,90.9,0.19,-6.31E-05,-2.20E-06,25.4
05/25/2020 11:51:28 AM,2740,92,0.19,1.15E-05,-1.00E-06,25.2
05/25/2020 11:51:38 AM,2750,92.4,0.19,-3.15E-05,-1.62E-06,25
05/25/2020 11:51:48 AM,2760,92.8,0.19,-7.45E-05,-1.24E-06,24.7
05/25/2020 11:51:58 AM,2770,93.3,0.19,-7.45E-05,4.16E-06,24.5
05/25/2020 11:52:08 AM,2780,94.2,0.19,-2.01E-05,7.84E-06,24.4
05/25/2020 11:52:18 AM,2790,94.5,0.19,1.63E-04,5.21E-06,24.2
05/25/2020 11:52:28 AM,2800,94.8,0.19,1.58E-04,-1.29E-06,24.1
05/25/2020 11:52:38 AM,2810,95.3,0.2,6.02E-05,-4.20E-06,23.9
05/25/2020 11:52:48 AM,2820,95.6,0.19,5.73E-06,6.69E-07,23.8
05/25/2020 11:52:58 AM,2830,95.8,0.19,6.31E-05,3.54E-06,23.6
05/25/2020 11:53:08 AM,2840,96,0.2,1.95E-04,-1.29E-06,23.6
05/25/2020 11:53:18 AM,2850,96.3,0.2,8.31E-05,-8.70E-06,23.5
05/25/2020 11:53:28 AM,2860,96.3,0.2,-9.17E-05,-9.75E-06,23.4
05/25/2020 11:53:38 AM,2870,96.6,0.2,-1.72E-04,-1.62E-06,23.3
05/25/2020 11:53:48 AM,2880,96.5,0.19,-1.35E-04,6.35E-05,23.2
05/25/2020 11:53:58 AM,2890,96.7,0.19,2.87E-05,1.21E-04,23.1
05/25/2020 11:54:08 AM,2900,96.7,0.19,0,6.88E-05,23
05/25/2020 11:54:18 AM,2910,96.7,0.2,0,-8.69E-05,23
05/25/2020 11:54:28 AM,2920,96.7,0.4,5.76E-04,-1.99E-04,22.9
05/25/2020 11:54:38 AM,2930,96.8,0.19,0,-1.19E-04,22.8
05/25/2020 11:54:48 AM,2940,96.8,0.23,0,5.16E-06,22.8
05/25/2020 11:54:58 AM,2950,96.9,0.23,-3.90E-04,5.77E-05,22.7
05/25/2020 11:55:08 AM,2960,96.8,0.2,-9.69E-04,-1.44E-05,22.6
05/25/2020 11:55:18 AM,2970,96.9,0.2,-5.27E-04,-9.26E-05,22.6
05/25/2020 11:55:28 AM,2980,96.9,0.2,0,-3.09E-05,22.5
05/25/2020 11:55:38 AM,2990,97,0.2,0,1.32E-04,22.5
05/25/2020 11:55:48 AM,3000,97.1,0,1.23E-04,2.41E-04,22.5
05/25/2020 11:55:58 AM,3010,97.1,0.2,0,1.15E-04,22.4
05/25/2020 11:56:08 AM,3020,97.1,0.21,0,-7.64E-05,22.4
05/25/2020 11:56:18 AM,3030,97,0.22,-1.38E-04,-1.95E-04,22.4
05/25/2020 11:56:28 AM,3040,97.1,0.2,-4.84E-04,-1.75E-04,22.3
05/25/2020 11:56:38 AM,3050,97.1,0.2,0,-3.77E-05,22.3
05/25/2020 11:56:48 AM,3060,97.1,0.2,0,1.38E-04,22.3
05/25/2020 11:56:58 AM,3070,96.9,0,3.78E-04,1.79E-04,22.3
05/25/2020 11:57:08 AM,3080,97.2,0.2,0,-1.04E-05,22.2
05/25/2020 11:57:18 AM,3090,97.1,0.22,9.17E-05,-1.25E-04,22.2
05/25/2020 11:57:28 AM,3100,97.1,0.21,0,1.02E-05,22.2
05/25/2020 11:57:38 AM,3110,97.1,0,2.06E-04,1.95E-04,22.2
05/25/2020 11:57:48 AM,3120,97.1,0.2,0,1.17E-04,22.2
05/25/2020 11:57:58 AM,3130,97.1,0.23,0,-9.48E-05,22.2
05/25/2020 11:58:08 AM,3140,97.1,0.23,-3.50E-04,-1.56E-04,22.2
05/25/2020 11:58:18 AM,3150,97.1,0.21,-8.97E-04,-1.19E-04,22.2
05/25/2020 11:58:28 AM,3160,97.1,0.2,-2.52E-04,-9.05E-05,22.2
05/25/2020 11:58:38 AM,3170,97,0.21,0,-9.99E-05,22.2
05/25/2020 11:58:48 AM,3180,97.2,0.22,0,-6.53E-05,22.2
05/25/2020 11:58:58 AM,3190,97.2,0,0,-7.31E-06,22.2
05/25/2020 11:59:08 AM,3200,97.2,0.2,0,5.40E-06,22.2
05/25/2020 11:59:18 AM,3210,97.2,0,0,1.25E-04,22.2
05/25/2020 11:59:28 AM,3220,97.2,0,0,2.99E-04,22.2
05/25/2020 11:59:38 AM,3230,97.2,0,0,3.01E-04,22.1
05/25/2020 11:59:48 AM,3240,97.1,0,0.01,1.25E-04,22.1
05/25/2020 11:59:58 AM,3250,97.1,0.21,0,-6.41E-05,22.1
05/25/2020 12:00:08 PM,3260,97.1,0.23,0,-1.40E-04,22
05/25/2020 12:00:18 PM,3270,97.1,0,0,-1.92E-04,22
05/25/2020 12:00:28 PM,3280,97,0.43,-4.41E-04,-2.31E-04,22
05/25/2020 12:00:38 PM,3290,97,0.21,0,-1.00E-04,21.9
05/25/2020 12:00:48 PM,3300,97.1,0,0,6.95E-05,21.9
05/25/2020 12:00:58 PM,3310,97.1,0.22,1.63E-04,1.14E-04,21.8
05/25/2020 12:01:08 PM,3320,97.1,0.22,3.44E-05,1.16E-04,21.8
05/25/2020 12:01:18 PM,3330,97,0,-1.15E-04,1.29E-04,21.7
05/25/2020 12:01:28 PM,3340,97.2,0.22,0,7.30E-05,21.7
05/25/2020 12:01:38 PM,3350,97.2,0.21,0,-1.22E-04,21.6
05/25/2020 12:01:48 PM,3360,96.9,0.24,2.52E-04,-2.66E-04,21.6
05/25/2020 12:01:58 PM,3370,97.1,0.22,0,-1.47E-04,21.5
05/25/2020 12:02:08 PM,3380,97.1,0.22,0,1.11E-04,21.5
05/25/2020 12:02:18 PM,3390,97,0,-3.01E-04,2.51E-04,21.5
05/25/2020 12:02:28 PM,3400,97,0.21,0,7.79E-05,21.4
05/25/2020 12:02:38 PM,3410,97.1,0.22,0,-1.71E-04,21.4
05/25/2020 12:02:48 PM,3420,97.1,0.21,0,-1.76E-04,21.3
05/25/2020 12:02:58 PM,3430,97,0.22,0,6.55E-05,21.3
05/25/2020 12:03:08 PM,3440,97.1,0,1.78E-04,2.47E-04,21.2
05/25/2020 12:03:18 PM,3450,97,0.2,0,1.16E-04,21.2
05/25/2020 12:03:28 PM,3460,97,0.23,0,-8.19E-05,21.2
05/25/2020 12:03:38 PM,3470,97,0.22,-3.21E-04,-1.39E-04,21.1
05/25/2020 12:03:48 PM,3480,97.2,0.21,-5.22E-04,-1.19E-04,21.1
05/25/2020 12:03:58 PM,3490,97.2,0.2,-1.58E-04,-1.02E-04,21.1
05/25/2020 12:04:08 PM,3500,97.2,0.22,0,-4.70E-05,21.1
05/25/2020 12:04:18 PM,3510,97.1,0.21,0,1.21E-04,21
05/25/2020 12:04:28 PM,3520,97,0,-7.45E-05,1.80E-04,21
05/25/2020 12:04:38 PM,3530,97.1,0.21,0,3.11E-06,21
05/25/2020 12:04:48 PM,3540,97.1,0.21,1.66E-04,5.20E-04,21
05/25/2020 12:04:58 PM,3550,97.1,0.22,0,0,21
05/25/2020 12:05:08 PM,3560,97.1,0,0.04,8.10E-04,21
05/25/2020 12:05:18 PM,3570,97.1,0.21,0.04,0,21
05/25/2020 12:05:28 PM,3580,97.3,2.52,0,0,20.9
05/25/2020 12:05:38 PM,3590,97.1,0.21,-0.04,0,20.9
05/25/2020 12:05:48 PM,3600,97.1,0.21,-0.04,5.82E-04,20.9
05/25/2020 12:05:58 PM,3610,97,0.21,-1.43E-04,0,20.9
05/25/2020 12:06:08 PM,3620,97.1,0.2,1.15E-04,5.96E-04,20.8
05/25/2020 12:06:18 PM,3630,97.1,0.21,2.87E-04,-1.14E-04,20.8
05/25/2020 12:06:28 PM,3640,97.1,0.21,0,-6.80E-05,20.7
05/25/2020 12:06:38 PM,3650,97.4,0.21,0,1.09E-04,20.7
05/25/2020 12:06:48 PM,3660,97.2,0,-1.26E-04,1.78E-04,20.6
05/25/2020 12:06:58 PM,3670,97.3,0.21,0,4.59E-06,20.6
05/25/2020 12:07:08 PM,3680,97.1,0.21,2.04E-04,-1.82E-04,20.6
05/25/2020 12:07:18 PM,3690,97.1,0.22,0,-1.26E-04,20.6
05/25/2020 12:07:28 PM,3700,97.1,0,0,1.21E-04,20.5
05/25/2020 12:07:38 PM,3710,97.1,0.2,6.59E-05,1.88E-04,20.5
05/25/2020 12:07:48 PM,3720,97.7,0,0,6.44E-05,20.5
05/25/2020 12:07:58 PM,3730,97.1,0.22,6.31E-05,-6.03E-05,20.5
05/25/2020 12:08:08 PM,3740,97.1,0.21,5.73E-05,0,20.5
05/25/2020 12:08:18 PM,3750,97.1,0,1.95E-04,5.48E-05,20.5
05/25/2020 12:08:28 PM,3760,97.3,0.23,0,-7.48E-05,20.6
05/25/2020 12:08:38 PM,3770,97.4,0.22,-2.64E-04,-7.27E-05,20.6
05/25/2020 12:08:48 PM,3780,97.2,0.21,0,1.25E-04,20.6
05/25/2020 12:08:58 PM,3790,97.3,0,0,2.58E-04,20.7
05/25/2020 12:09:08 PM,3800,97.2,0.21,0.01,1.05E-05,20.7
05/25/2020 12:09:18 PM,3810,97.1,0.43,0,-3.09E-04,20.8
05/25/2020 12:09:28 PM,3820,97.3,0.22,0,-3.16E-04,20.8
05/25/2020 12:09:38 PM,3830,97.2,0.21,0,-1.81E-04,20.9
05/25/2020 12:09:48 PM,3840,97.1,0.21,0,-1.03E-04,20.9
05/25/2020 12:09:58 PM,3850,97.2,0.21,-0.01,-4.45E-05,21
05/25/2020 12:10:08 PM,3860,97.2,0,-0.01,1.78E-04,21
05/25/2020 12:10:18 PM,3870,97.5,0,0,3.48E-04,21
05/25/2020 12:10:28 PM,3880,97.2,0,0,2.90E-04,21.1
05/25/2020 12:10:38 PM,3890,97.2,0,0,1.20E-04,21.1
05/25/2020 12:10:48 PM,3900,97.4,0.21,0,-5.05E-05,21.2
05/25/2020 12:10:58 PM,3910,97.5,0,0,-1.05E-04,21.2
05/25/2020 12:11:08 PM,3920,97.3,0.21,2.38E-04,-1.10E-04,21.2
05/25/2020 12:11:18 PM,3930,97.2,0.22,4.70E-04,-6.91E-05,21.3
05/25/2020 12:11:28 PM,3940,97.4,0,1.43E-04,-8.32E-05,21.3
05/25/2020 12:11:38 PM,3950,97.4,0.24,-3.27E-04,-1.40E-04,21.4
05/25/2020 12:11:48 PM,3960,97.4,0.2,0,-5.86E-05,21.4
05/25/2020 12:11:58 PM,3970,97.3,0,0,1.36E-04,21.4
05/25/2020 12:12:08 PM,3980,97.6,0,1.29E-04,1.96E-04,21.4
05/25/2020 12:12:18 PM,3990,97.1,0.21,0,6.26E-06,21.5
05/25/2020 12:12:28 PM,4000,97.3,0,2.12E-04,-1.23E-04,21.5
05/25/2020 12:12:38 PM,4010,97.5,0.22,0,-6.88E-06,21.5
05/25/2020 12:12:48 PM,4020,97.5,0,5.73E-06,1.73E-04,21.5
05/25/2020 12:12:58 PM,4030,97.5,0,0,1.16E-04,21.5
05/25/2020 12:13:08 PM,4040,97.5,0.23,0,-5.59E-05,21.6
05/25/2020 12:13:18 PM,4050,97.6,0.21,-1.29E-04,-1.05E-04,21.6
05/25/2020 12:13:28 PM,4060,97.5,0,3.18E-04,-1.10E-04,21.6
05/25/2020 12:13:38 PM,4070,97.3,0.22,4.47E-04,-1.31E-04,21.7
05/25/2020 12:13:48 PM,4080,97.5,0.24,0,-2.22E-05,21.7
05/25/2020 12:13:58 PM,4090,97.3,0,0,2.35E-04,21.7
05/25/2020 12:14:08 PM,4100,97.5,0,0,3.11E-04,21.7
05/25/2020 12:14:18 PM,4110,97.4,0.22,0.01,3.30E-06,21.8
05/25/2020 12:14:28 PM,4120,97.3,0.23,0,-3.71E-04,21.8
05/25/2020 12:14:38 PM,4130,97.4,0.22,0,-4.27E-04,21.8
05/25/2020 12:14:48 PM,4140,97.5,0.21,-0.01,-1.71E-04,21.8
05/25/2020 12:14:58 PM,4150,97.3,0,-0.01,1.31E-04,21.8
05/25/2020 12:15:08 PM,4160,97.5,0,0,2.43E-04,21.9
05/25/2020 12:15:18 PM,4170,97.3,0,0,2.38E-04,21.9
05/25/2020 12:15:28 PM,4180,97.5,0,0,2.46E-04,21.9
05/25/2020 12:15:38 PM,4190,97.2,0,0,1.92E-04,21.9
05/25/2020 12:15:48 PM,4200,97.2,0,0.01,-5.58E-05,22
05/25/2020 12:15:58 PM,4210,97.3,0.22,0,-3.75E-04,22
05/25/2020 12:16:08 PM,4220,97.3,0.24,0,-3.85E-04,22
05/25/2020 12:16:18 PM,4230,97,0,-0.01,-7.09E-05,22
05/25/2020 12:16:28 PM,4240,97.5,0,0,1.87E-04,22
05/25/2020 12:16:38 PM,4250,97.4,0,0,1.92E-04,22
05/25/2020 12:16:48 PM,4260,97.5,0,0,1.34E-04,22.1
05/25/2020 12:16:58 PM,4270,97.2,0,0,1.36E-04,22.1
05/25/2020 12:17:08 PM,4280,97.3,0,0,6.80E-05,22.1
05/25/2020 12:17:18 PM,4290,97.4,0,0,-1.36E-04,22.1
05/25/2020 12:17:28 PM,4300,97.3,0.24,0,-2.11E-04,22.1
05/25/2020 12:17:38 PM,4310,97.6,0,0,4.94E-05,22.1
05/25/2020 12:17:48 PM,4320,97.5,0,-3.96E-04,2.55E-04,22.1
05/25/2020 12:17:58 PM,4330,97.7,0,0.01,7.58E-05,22.2
05/25/2020 12:18:08 PM,4340,97.3,0.22,0,-2.42E-04,22.2
05/25/2020 12:18:18 PM,4350,97.5,0.23,0,-2.53E-04,22.3
05/25/2020 12:18:28 PM,4360,97.8,0,0,-3.49E-06,22.2
05/25/2020 12:18:38 PM,4370,97.8,0,-1.38E-04,6.48E-05,22.2
05/25/2020 12:18:48 PM,4380,97.5,0.22,0,-5.46E-05,22.2
05/25/2020 12:18:58 PM,4390,97.4,0,0,-5.80E-05,22.2
05/25/2020 12:19:08 PM,4400,97.4,0,0,6.03E-05,22.2
05/25/2020 12:19:18 PM,4410,96.8,0,0,1.88E-04,22.2
05/25/2020 12:19:28 PM,4420,97.5,0,0,1.94E-04,22.2
05/25/2020 12:19:38 PM,4430,97.7,0,0,6.70E-05,22.2
05/25/2020 12:19:48 PM,4440,97.2,0,0,-1.34E-04,22.2
05/25/2020 12:19:58 PM,4450,96.9,0.24,0,-2.68E-04,22.2
05/25/2020 12:20:08 PM,4460,96.6,0,0,-1.34E-04,22.2
05/25/2020 12:20:18 PM,4470,97,0,0,6.70E-05,22.2
05/25/2020 12:20:28 PM,4480,96.5,0,0,1.34E-04,22.1
05/25/2020 12:20:38 PM,4490,96.7,0,0,6.70E-05,22.1
05/25/2020 12:20:48 PM,4500,97.1,0,0,0,22.1
05/25/2020 12:20:58 PM,4510,97.1,0,0,6.36E-05,22.1
05/25/2020 12:21:08 PM,4520,96.8,0,0,1.27E-04,22.1
05/25/2020 12:21:18 PM,4530,97.1,0,0,6.36E-05,22.1
05/25/2020 12:21:28 PM,4540,96.5,0,0,-1.27E-04,22.2
05/25/2020 12:21:38 PM,4550,97.8,0.23,0,-2.55E-04,22.2
05/25/2020 12:21:48 PM,4560,97.8,0,0,-1.27E-04,22.2
05/25/2020 12:21:58 PM,4570,97.8,0,0,6.36E-05,22.2
05/25/2020 12:22:08 PM,4580,96.7,0,0,1.27E-04,22.3
05/25/2020 12:22:18 PM,4590,96.9,0,0,6.36E-05,22.3
05/25/2020 12:22:28 PM,4600,97.6,0,0,0,22.3
05/25/2020 12:22:38 PM,4610,97.9,0,0,0,22.3
05/25/2020 12:22:48 PM,4620,98,0,0,0,22.4
05/25/2020 12:22:58 PM,4630,97.9,0,0,0,22.4
05/25/2020 12:23:08 PM,4640,97.9,0,0,0,22.4
05/25/2020 12:23:18 PM,4650,97.3,0,0,0,22.4
05/25/2020 12:23:28 PM,4660,97.7,0,0,0,22.5
05/25/2020 12:23:38 PM,4670,98,0,0,0,22.5
05/25/2020 12:23:48 PM,4680,97.9,0,0,0,22.5
05/25/2020 12:23:58 PM,4690,97.9,0,0,0,22.5
05/25/2020 12:24:08 PM,4700,97.7,0,0,0,22.6
05/25/2020 12:24:18 PM,4710,97.9,0,0,0,22.6
05/25/2020 12:24:28 PM,4720,97.8,0,0,6.44E-05,22.6
05/25/2020 12:24:38 PM,4730,98,0,0,1.29E-04,22.6
05/25/2020 12:24:48 PM,4740,97.8,0,0,6.44E-05,22.6
05/25/2020 12:24:58 PM,4750,97.8,0,0,-1.29E-04,22.6
05/25/2020 12:25:08 PM,4760,97.8,0.23,0,-2.58E-04,22.7
05/25/2020 12:25:18 PM,4770,98,0,0,-1.29E-04,22.7
05/25/2020 12:25:28 PM,4780,97.8,0,0,6.44E-05,22.7
05/25/2020 12:25:38 PM,4790,96.8,0,0,1.29E-04,22.7
05/25/2020 12:25:48 PM,4800,97.7,0,0,1.32E-04,22.7
05/25/2020 12:25:58 PM,4810,97.8,0,0,2.69E-04,22.7
05/25/2020 12:26:08 PM,4820,97.7,0,0,,22.7
05/25/2020 12:26:18 PM,4830,97.8,0,0.01,,22.7
05/25/2020 12:26:28 PM,4840,97.8,0.24,,,22.7